publication_id,reference_order,reference_text
PUB000001,1,Fusaro C
PUB000001,2,Bernal Je
PUB000001,3,Baldiris-Avila R
PUB000001,4,Gonzalez-Cuello R
PUB000001,5,Cisneros-Lorduy J
PUB000001,6,Reales-Ruiz A
PUB000001,7,Castro-Orozco R
PUB000001,8,"Sarriaguzman Y., Molecular Prevalence And Subtypes Distribution Of Blastocystis Sp. In Humans Of Latin America: A Systematic Review, Trop Med Infect Dis, 9, 2, (2024)"
PUB000001,9,Stensvold Cr
PUB000001,10,Tan Ksw
PUB000001,11,"Clark Cg., Blastocystis, Trends Parasitol, 36, 3, Pp. 315-316, (2020)"
PUB000001,12,"Tracking Universal Health Coverage: Global Monitoring Report, (2023)"
PUB000001,13,Miksusanti
PUB000001,14,Apriani Ef
PUB000001,15,"Hidayat Dn., Viability And Antibacterial Activity Of Bifidobacterium Bifidum In Fermented Robusta Coffee For Diarrhea Treatment, Indones J Pharm Pharm Sci, 9, 3, Pp. 305-313, (2022)"
PUB000001,16,Scanlan Pd
PUB000001,17,Stensvold Cr
PUB000001,18,Rajilic-Stojanovic M
PUB000001,19,Heilig Hghj
PUB000001,20,De Vos Wm
PUB000001,21,O'Toole Pw
PUB000001,22,"Cotter Pd., The Microbial Eukaryote Blastocystis Is A Prevalent And Diverse Member Of The Healthy Human Gut Microbiota, Fems Microbiol Ecol, 90, 1, Pp. 326-330, (2014)"
PUB000001,23,Rojas-Velazquez L
PUB000001,24,Moran P
PUB000001,25,Serrano-Vazquez A
PUB000001,26,Portillo Bobadilla T
PUB000001,27,Gonzalez E
PUB000001,28,Perez-Juarez H
PUB000001,29,Hernandez E
PUB000001,30,Partida-Rodriguez O
PUB000001,31,Nieves-Ramirez M
PUB000001,32,Padilla A
PUB000001,33,Zaragoza M
PUB000001,34,"Ximenez C., The Regulatory Function Of Blastocystis Spp. On The Immune-Inflammatory Response In The Gut Microbiome, Front. Cell. Infect. Microbiol, 12, (2022)"
PUB000001,35,Wahid Bz
PUB000001,36,Haque Ma
PUB000001,37,Gazi Ma
PUB000001,38,Fahim Sm
PUB000001,39,Faruque Asg
PUB000001,40,Mahfuz M
PUB000001,41,"Ahmed T., Site-Specific Incidence Rate Of Blastocystis Hominis And Its Association With Childhood Malnutrition: Findings From A Multi-Country Birth Cohort Study, Am. J. Trop. Med. Hyg, 108, 5, Pp. 887-894, (2023)"
PUB000001,42,Cao M
PUB000001,43,Zhang S
PUB000001,44,Nan H
PUB000001,45,Huang J
PUB000001,46,Zhang C
PUB000001,47,Sun Y
PUB000001,48,Liu L
PUB000001,49,Wang Y
PUB000001,50,Lu X
PUB000001,51,"Ma L., Integrated Omics Reveal The Pathogenic Potential Of Blastocystis Sp. St2, Transboundary And Emerging Diseases, (2024)"
PUB000001,52,Fortea M
PUB000001,53,Albert-Bayo M
PUB000001,54,Abril-Gil M
PUB000001,55,Ganda Mall Jp
PUB000001,56,Serra-Ruiz X
PUB000001,57,Henao-Paez A
PUB000001,58,Exposito E
PUB000001,59,Gonzalez-Castro Am
PUB000001,60,Guagnozzi D
PUB000001,61,Lobo B
PUB000001,62,Alonso-Cotoner C
PUB000001,63,"Santos J., Present And Future Therapeutic Approaches To Barrier Dysfunction, Frontiers In Nutrition, 8, (2021)"
PUB000001,64,Scalia F
PUB000001,65,Carini F
PUB000001,66,David S
PUB000001,67,Giammanco M
PUB000001,68,Mazzola M
PUB000001,69,Rappa F
PUB000001,70,Bressan Ni
PUB000001,71,Maida G
PUB000001,72,"Tomasello G., Inflammatory Bowel Diseases: An Updated Overview On The Heat Shock Protein Involvement, Int. J. Mol. Sci, 24, 15, (2023)"
PUB000001,73,Mandal Ak
PUB000001,74,Pandey A
PUB000001,75,Sah Rk
PUB000001,76,Baral A
PUB000001,77,"Sah P., In Vitro Antioxidant And Antimicrobial Potency Of Mimosa Pudica Of Nepalese Terai Region: Insight Into L-Mimosine As An Antibacterial Agent, Evid. Based Complement. Alternat. Med, 2022, (2022)"
PUB000001,78,Fotio Al
PUB000001,79,Tagne Maf
PUB000001,80,Noubissi Pa
PUB000001,81,Nguepi Msd
PUB000001,82,"Emegam Nk., Mimosa Pudica Leaf Aqueous Extract Attenuates Experimental Ulcerative Colitis In Rats Via Suppression Of Mpo And IL-1β Signalling Pathways And Improvement Of The Oxidative Status, Phytomed. Plus, 4, 2, (2024)"
PUB000001,83,Menezes Jcjms
PUB000001,84,"Campos Vr., Natural Biflavonoids As Potential Therapeutic Agents Against Microbial Diseases, Sci. Total Environ, 769, (2021)"
PUB000001,85,Taji R
PUB000001,86,Sadraei J
PUB000001,87,Pirestani M
PUB000001,88,"Bahadory S., Investigating The Effect Of Silver, Chitosan, And Curcumin Nanoparticles On Blastocystis Spp. And Comparing It With Metronidazole In Vitro, International Journal Of Enteric Pathogens, 10, 4, Pp. 125-128, (2022)"
PUB000001,89,Alexeree Smi
PUB000001,90,Abou-Seri Hm
PUB000001,91,El-Din Hes
PUB000001,92,Youssef D
PUB000001,93,"Ramadan Ma., Green Synthesis Of Silver And Iron Oxide Nanoparticles Mediated Photothermal Effects On Blastocystis Hominis, Lasers Med. Sci, 39, 1, (2024)"
PUB000001,94,Mukherjee R
PUB000001,95,Chang Cm
PUB000001,96,Pandey Rp
PUB000001,97,"Hameed S., Role Of Nanomedicine In Overcoming Antimicrobial Resistance: Challenges And Opportunities, Nanotechnology-Based Strategies For Combating Antimicrobial Resistance, Pp. 45-60, (2024)"
PUB000001,98,Tocci S
PUB000001,99,Das S
PUB000001,100,"Sayed Im., An Update On Blastocystis: Possible Mechanisms Of Blastocystis-Mediated Colorectal Cancer, Microorganisms, 12, 9, (2024)"
PUB000001,101,Zhang X
PUB000001,102,Yin L
PUB000001,103,Tang M
PUB000001,104,Bian X
PUB000001,105,"Zhao G., Application Of Silver Nanoparticles In Parasite Treatment: Mechanisms And Prospects, Pharmaceutics, 15, 7, (2023)"
PUB000001,106,Wang X
PUB000001,107,Yan C
PUB000001,108,Wang T
PUB000001,109,Li Y
PUB000001,110,"Zheng Z., Mechanisms Of Luteolin Against Gastro-Esophageal Reflux Disease Based On Network Pharmacology, Molecular Docking, And Molecular Dynamics Simulation, Cell Biochem. Biophys, 83, 1, Pp. 403-414, (2025)"
PUB000001,111,"Kumar V., Phytochemical, Pharmacological Activities And Ayurvedic Significances Of Magical Plant Mimosa Pudica, Mini-Rev.Org. Chem, 18, 3, Pp. 296-312, (2021)"
PUB000001,112,Palanichamy C
PUB000001,113,Pavadai P
PUB000001,114,Panneerselvam T
PUB000001,115,Arunachalam S
PUB000001,116,Babkiewicz E
PUB000001,117,Pandian Rk
PUB000001,118,Jeyarajaguru Ks
PUB000001,119,Ammunje Dn
PUB000001,120,Kannan S
PUB000001,121,Chandrasekaran J
PUB000001,122,Sundar K
PUB000001,123,Maszczyk P
PUB000001,124,"Kunjiappan S., Aphrodisiac Performance Of Bioactive Compounds From Mimosa Pudica Linn.: In Silico Molecular Docking And Dynamics Simulation Approach, Molecules, 27, 12, (2022)"
PUB000001,125,Elmaidomy Ah
PUB000001,126,Abdelmohsen Ur
PUB000001,127,Sayed Am
PUB000001,128,Altemani Fh
PUB000001,129,Algehainy Na
PUB000001,130,Soost D
PUB000001,131,Paululat T
PUB000001,132,Bringmann G
PUB000001,133,"Mohamed Em., Antiplasmodial Potential Of Phytochemicals From Citrus Aurantifolia Peels: A Comprehensive In Vitro And In Silico Study, Bmc Chem, 18, (2024)"
PUB000001,134,Huang L
PUB000001,135,Kim My
PUB000001,136,"Cho Jy., Immunopharmacological Activities Of Luteolin In Chronic Diseases, Int. J. Mol. Sci, 24, 3, (2023)"
PUB000001,137,Gopal Sk
PUB000001,138,Rangasamy M
PUB000001,139,"Balasubramaniam N., In-Silico Docking Analysis Of Phytochemicals From Mimosa Pudica L. Leaves As An Antiviral Agent Against Herpes Simplex Virus Type I, Int. J. Pharm. Sci. Lett, 1, 1, Pp. 49-57, (2023)"
PUB000001,140,Hussain Ms
PUB000001,141,Gupta G
PUB000001,142,Goyal A
PUB000001,143,Thapa R
PUB000001,144,Almalki Wh
PUB000001,145,Kazmi I
PUB000001,146,Alzarea Si
PUB000001,147,Fuloria S
PUB000001,148,Meenakshi Du
PUB000001,149,Jakhmola V
PUB000001,150,Pandey M
PUB000001,151,Singh Sk
PUB000001,152,"Dua K., From Nature To Therapy: Luteolin’S Potential As An Immune System Modulator In Inflammatory Disorders, J. Biochem. Mol. Toxicol, 37, 11, (2023)"
PUB000001,153,Alam F
PUB000001,154,Alam R
PUB000001,155,Yusuf Atm
PUB000001,156,Ripa Jd
PUB000001,157,Nithin Rd
PUB000001,158,Barua S
PUB000001,159,Kabir Mf
PUB000001,160,Hong St
PUB000001,161,"Chung Hj., Phytochemical Screening And Neuro-Pharmacological Activity Of Mimosa Pudica Flowers: Integrating In Vitro, In Silico, And In Vivo Approaches, Heliyon, 11, 3, (2025)"
PUB000001,162,Gercek E
PUB000001,163,Zengin H
PUB000001,164,Erisir Fe
PUB000001,165,"Yilmaz O., Biochemical Changes And Antioxidant Capacity Of Naringin And Naringenin Against Malathion Toxicity In Saccharomyces Cerevisiae, Comp. Biochem. Physiol. C: Toxicol. Pharmacol, 241, (2021)"
PUB000001,166,Al-Khayri Jm
PUB000001,167,Sahana Gr
PUB000001,168,Nagella P
PUB000001,169,Joseph Bv
PUB000001,170,Alessa Fm
PUB000001,171,"Al-Mssallem Mq., Flavonoids As Potential Antiinflammatory Molecules: A Review, Molecules, 27, 9, (2022)"
PUB000001,172,Gholam Gm
PUB000001,173,Firdausy Ia
PUB000001,174,Artika Im
PUB000001,175,Abdillah Rm
PUB000001,176,Firmansyah Rp
PUB000001,177,"Irsal Rap., Molecular Docking: Bioactive Compounds Of Mimosa Pudica As An Inhibitor Of Candida"
PUB000001,178,Nisa A
PUB000001,179,Kurniawati A
PUB000001,180,"Faridah Dn., Morphological Characters, Phenolic And Flavonoid Contents Of Vitex Trifolia Albicans Sap 3, Curr. Biochem, 10, 1, Pp. 24-37, (2023)"
PUB000001,181,Parham S
PUB000001,182,Kharazi Az
PUB000001,183,Bakhsheshi-Rad Hr
PUB000001,184,Nur H
PUB000001,185,Ismail Af
PUB000001,186,Sharif S
PUB000001,187,Ramakrishna S
PUB000001,188,"Berto F., Antioxidant, Antimicrobial And Antiviral Properties Of Herbal Materials, Antioxidants, 9, 12, (2020)"
PUB000001,189,Zouine N
PUB000001,190,El Ghachtouli N
PUB000001,191,El Abed S
PUB000001,192,"Ibnsouda Koraichi S., A Comprehensive Review On Medicinal Plant Extracts As Antibacterial Agents: Factors, Mechanism Insights And Future Prospects, Sci. Afr, 26, (2024)"
PUB000001,193,"Rahayu Y., Data Molecular Docking, Figshare. Dataset"
PUB000001,194,"Rahayu Y., Interaction Bound Compound. Figure, (2025)"
PUB000002,1,"Ramadhan Abdul Rahman, The Dynamics Of Islamic Family Law In The Face Of Technological Advancements And Social Changes In The Era Of Society 5.0, Kne Social Sciences, Pp. 266-281, (2024)"
PUB000002,2,"Junaidi Ahmad Arif, Kongres Ulama Perempuan Indonesia (Kupi) And Mubadalah Approach In Interpreting The Gender Biased-Qur'Anic Verses, Sawwa: Jurnal Studi Gender, 18, 1, Pp. 1-20, (2023)"
PUB000002,3,"Amalia Dini, Empowering Equality: Mubadalah As A Catalyst For Peace, Justice, And Harmony Among Humanity, Equality: Journal Of Gender, Child And Humanity Studies, 2, 1, Pp. 1-11, (2024)"
PUB000002,4,Aniroh Reni Nur
PUB000002,5,Nasution Koiruddin
PUB000002,6,"Sodiqin Ali, The Bilateral Inheritance System In Islamic Family Law: Fairness, Equality, And Mutual Exchange Perspectives, Samarah: Jurnal Hukum Keluarga Dan Hukum Islam, 8, 2, Pp. 891-911, (2024)"
PUB000002,7,Anisti Anisti
PUB000002,8,Tambunan R.M.
PUB000002,9,Sidharta V.
PUB000002,10,Sampean S.
PUB000002,11,"Syatir S., Family Communication Patterns In The Era Digital Technology, Arrus Journal Of Social Sciences And Humanities, 3, 6, Pp. 750-756, (2023)"
PUB000002,12,Ansori Ahmad Zainul
PUB000002,13,"Juliansyahzen M. I., The Contestation Of The Family Law Discourse In The Digital Age: Islam, State, And Gender, Samarah: Jurnal Hukum Keluarga Dan Hukum Islam, 6, 2, Pp. 1-24, (2022)"
PUB000002,14,Wijayanti Austuna Tri
PUB000002,15,Dwiningrum Siti Irene Astuti
PUB000002,16,"Saliman Saliman, Communication Patterns In Javanese Families To Build Family Resilience In The Digital Era, Informasi, 54, 1, Pp. 19-32, (2023)"
PUB000002,17,Barbuta Alina
PUB000002,18,Ghetau Cosmin
PUB000002,19,"Iovu Mihai-Bogdan, Digital Technology And Family Dynamics: The 3Rs Conceptual Model Regarding The Acceptance And Use Of Digital Technology In Everyday Family Routines, Intersections. East European Journal Of Society And Politics, 9, 1, Pp. 120-144, (2023)"
PUB000002,20,"Baym Nancy K., Personal Connections In The Digital Age, (2015)"
PUB000002,21,Begum Mohamed Sulthan Ismiya
PUB000002,22,Ismail Indriaty
PUB000002,23,'Azmi Yaakob Zul
PUB000002,24,Razick Ahamed Sarjoon
PUB000002,25,"Abdullah Mohamde Mahroof Ali, Gender Equity In Muslim Family Law: Modern And Contemporary ‘Ulamā'S View, Al-Ahkam, 34, 2, Pp. 221-256, (2024)"
PUB000002,26,Farmawati Cintami
PUB000002,27,Carland Susan
PUB000002,28,"Razak Marini, Gender Aware Therapy Based On Mubadalah For Family Resilience Post Domestic Violence, Jousip: Journal Of Sufism And Psychotherapy, 4, 2, Pp. 133-148, (2024)"
PUB000002,29,Creswell John W.
PUB000002,30,"Poth Cheryl N., Qualitative Inquiry And Research Design: Choosing Among Five Approaches, (2018)"
PUB000002,31,Daharis Ade
PUB000002,32,Rizal D.
PUB000002,33,Stiawan T.
PUB000002,34,"Iskandar M.Y., Analysis Of The Use Of Technology From The Perspective Of Islamic Family Law In Era 4.0, Jurnal Elsyakhshi, 1, 1, Pp. 33-46, (2023)"
PUB000002,35,"Dyess Patricia, Family Communication Pattern And Power Theory, Integrated Studies, 101, (2017)"
PUB000002,36,Evendi Wakhid
PUB000002,37,"Masfufah M., Balance Of Technology Use In Muslim Family Life, International Journal Of Service Science, Management, Engineering, And Technology, 4, 1, Pp. 31-35, (2023)"
PUB000002,38,Everri Marina
PUB000002,39,Messena M.
PUB000002,40,Nearchou F.
PUB000002,41,"Fruggeri L., Parent–Child Relationships, Digital Media Use And Parents' Well-Being During COVID-19 Home Confinement: The Role Of Family Resilience, International Journal Of Environmental Research And Public Health, 19, 23, (2022)"
PUB000002,42,"Kodir Faqihuddin Abdul, Qira'Ah Mubadalah Tafsir Progresif Untuk Keadilan Gender Dalam Islam, (2019)"
PUB000002,43,Hertlein Katherine M.
PUB000002,44,"Blumer Markie L.C., The Couple And Family Technology Framework: Intimate Relationships In A Digital Age, (2013)"
PUB000002,45,Hertlein Katherine M.
PUB000002,46,"Twist Markie L.C., The Internet Family: Technology In Couple And Family Relationships, (2019)"
PUB000002,47,Ibtasam Samia
PUB000002,48,Razaq Lubna
PUB000002,49,Ayub Maryam
PUB000002,50,Webster Jennifer R.
PUB000002,51,Ahmed Ishtiaque
PUB000002,52,"Anderson Richard, My Cousin Bought The Phone For Me. I Never Go To Mobile Shops.” The Role Of Family In Women'S Technological Inclusion In Islamic Culture, Proceedings Of The Acm On Human-Computer Interaction 3(Cscw), Pp. 1-33, (2019)"
PUB000002,53,Junaidi Rahma Dinantia
PUB000002,54,Arif Ernita
PUB000002,55,"Sarmiati, Komunikasi Keluarga Dalam Menghadapi Disrupsi Teknologi Pada Generasi Digital Native (Studi Kasus 3 Keluarga Tokoh Agama Islam Di Kota Solo), Jurnal Pendidikan Dan Konseling (Jpdk), 4, 4, (2022)"
PUB000002,56,"Hasan Kamaruddin, Islamic Communication Ethics: Concepts And Applications In The Digital Era, Jurnal Al- Fikrah, 13, 1, Pp. 97-111, (2024)"
PUB000002,57,Nafi Khaiyyil Faizunan Nurun
PUB000002,58,"Rohman Ahmad Taufiqu, Digitalization In Islamic Family Law: An Opportunity Or A Threat?, International Journal Of Religion And Social Community, 2, 2, Pp. 34-48, (2024)"
PUB000002,59,Lathif Agus Munjirin Mukhotib
PUB000002,60,"Shapiulaevna Aliyeva Patimah, Protecting Family Integrity From Digital Fraud: Islamic Family Law And Ite Law In Whatsapp Groups, Jurnal Munakahat: Jurnal Hukum Keluarga Islam, 1, 1, Pp. 44-54, (2024)"
PUB000002,61,Lincoln Yvonna S.
PUB000002,62,"Guba Egon G., Naturalistic Inquiry, (1985)"
PUB000002,63,"Juliansyahzen Muhammad Iqbal, Ideologization Of Gender In Social Media: The Digital Activism Of Mubadalah.” Id And Ngaji_Kgi, Proceeding Of Saizu International Conference On Transdisciplinary Religious Studies, Pp. 7-16, (2021)"
PUB000002,64,Onyeator Ijeoma N.
PUB000002,65,"Okpara Ngozi, Human Communication In A Digital Age: Perspectives On Interpersonal Communication In The Family, New Media And Mass Communication, 78, 1, Pp. 35-45, (2019)"
PUB000002,66,Satia Rahmawati L.
PUB000002,67,Hidayat D.
PUB000002,68,Rina N.
PUB000002,69,"Nurhadi Z. F., The Dynamics Of Family Communication Among Working Mothers In The Digital Era, Mediator: Jurnal Komunikasi, 17, 2, Pp. 244-256, (2023)"
PUB000002,70,Reblin Maija
PUB000002,71,Heyman Richard E.
PUB000002,72,Ellington Lee
PUB000002,73,Baucom Brian R.W.
PUB000002,74,Georgiou Panayiotis G.
PUB000002,75,"Vadaparampil Susan T., Everyday Couples' Communication Research: Overcoming Methodological Barriers With Technology, Patient Education And Counseling, 101, 3, Pp. 551-556, (2018)"
PUB000002,76,Syahril Romi
PUB000002,77,Priatna P.
PUB000002,78,Hutomo Azhar
PUB000002,79,"Wulandari Sri, The Impact Of Technology On Family Communication, Golden Ratio Of Data In Summary, 4, 2, Pp. 1001-1009, (2024)"
PUB000002,80,"Shah Sarah, Black And White Or Shades Of Grey: Religious Approaches And Muslim Marital Conflict, Social Compass, 69, 1, Pp. 113-132, (2022)"
PUB000002,81,Gumiandari Septi
PUB000002,82,Madjid Abdul
PUB000002,83,Nurhayati Eti
PUB000002,84,Listiani Wanda
PUB000002,85,"Nafi'A Ilman, Heading To Reciprocity In Islamic Psychology: Coping Adaptive Strategy For Family Resilience During The Pandemic, Afkar: Jurnal Akidah & Pemikiran Islam, 26, 1, Pp. 343-384, (2024)"
PUB000002,86,Gumiandari Septi
PUB000002,87,"Nafi'A Ilman, Mubadalah As An Islamic Moderating Perspective Between Gender And Patriarchal Regimes In Building Family Resilience, Jurnal Penelitian, 17, 2, Pp. 1-15, (2020)"
PUB000002,88,"Rahmawati Siti, Mainstreaming Of Gender Equality In Islamic Family Law: Opportunities And Challenges, Samarah: Jurnal Hukum Keluarga Dan Hukum Islam, 4, 2, Pp. 360-374, (2020)"
PUB000002,89,Suter Elizabeth A.
PUB000002,90,"Norwood Kristen M., Critical Theorizing In Family Communication Studies: (Re) Reading Relational Dialectics Theory 2.0, Communication Theory, 27, 3, Pp. 290-308, (2017)"
PUB000002,91,"Dijk Jan A. G. M., Digital Divide: Impact Of Access, The International Encyclopedia Of Media Effects, (2017)"
PUB000003,1,Bogatcheva Nv
PUB000003,2,"Coleman Me., Conditioned Medium Of Mesenchymal Stromal Cells: A New Class Of Therapeutics, Biochem. (Mosc), 84, 11, Pp. 1375-1389, (2019)"
PUB000003,3,Eze Fi
PUB000003,4,Uzor Pf
PUB000003,5,Ikechukwu P
PUB000003,6,Obi Bc
PUB000003,7,"Osadebe Po., In Vitro And In Vivo Models For Antiinflammation: An Evaluative Review, Innosc Theranostics Pharmacol. Sci, 2, 2, Pp. 3-15, (2019)"
PUB000003,8,Ferenczy Gg
PUB000003,9,"Kellermayer M., Contribution Of Hydrophobic Interactions To Protein Mechanical Stability, Comput. Struct. Biotechnol. J, 20, Pp. 1946-1956, (2022)"
PUB000003,10,Gnecchi M
PUB000003,11,Danieli P
PUB000003,12,Malpasso G
PUB000003,13,"Ciuffreda Mc., Paracrine Mechanisms Of Mesenchymal Stem Cells In Tissue Repair, Methods Protoc, 1416, Pp. 123-146, (2016)"
PUB000003,14,Hwang Ok
PUB000003,15,Woock Y
PUB000003,16,Jin N
PUB000003,17,"Hong T., Hypoxia Pretreatment Promotes Chondrocyte Differentiation Of Human Adiposederived Stem Cells Via Vascular Endothelial Growth Factor, Tissue Eng. Regen. Med, 17, Pp. 335-350, (2020)"
PUB000003,18,Jimenezvalerio G
PUB000003,19,"Casanovas O., Angiogenesis And Metabolism: Entwined For Therapy Resistance, Trends Cancer, 3, 1, Pp. 10-18, (2017)"
PUB000003,20,Kim H
PUB000003,21,Lee S
PUB000003,22,Lee S
PUB000003,23,Oh Bj
PUB000003,24,Kim Jh
PUB000003,25,"Kim Ja, A Subset Of Paracrine Factors As Efficient Biomarkers For Predicting Vascular Regenerative Efficacy Of Mesenchymal Stromal/Stem Cells, Stem Cells, 37, 1, Pp. 77-88, (2019)"
PUB000003,26,Li X
PUB000003,27,"Ma X., Acute Respiratory Failure In Covid19: Is It “Typical” Ards?, Crit. Care, 24, 1, Pp. 1-5, (2020)"
PUB000003,28,Liu Z
PUB000003,29,Liu D
PUB000003,30,Wang Z
PUB000003,31,Zou Y
PUB000003,32,Wang H
PUB000003,33,"Li X, Association Between Inflammatory Biomarkers And Acute Respiratory Distress Syndrome Or Acute Lung Injury Risk: A Systematic Review And Metaanalysis, Wien Klin. Wochenschr, 134, 12, Pp. 24-38, (2022)"
PUB000003,34,Loy H
PUB000003,35,Kuok Dit
PUB000003,36,Hui Kpy
PUB000003,37,Choi Mhl
PUB000003,38,Yuen W
PUB000003,39,"Nicholls Jm, Therapeutic Implications Of Human Umbilical Cord Mesenchymal Stromal Cells In Attenuating Influenza A (H5N1) Virusassociated Acute Lung Injury, J. Infect. Dis, 219, 2, Pp. 186-196, (2019)"
PUB000003,40,Matsuda M
PUB000003,41,Huh Y
PUB000003,42,"Rong R., Roles Of Inflammation, Neurogenic Inflammation, And Neuroinflammation In Pain, J. Anesth, 33, 1, Pp. 131-139, (2019)"
PUB000003,43,Moradinasab S
PUB000003,44,Pourbagheri Sigaroodi A
PUB000003,45,Zafari P
PUB000003,46,Ghaffari Sh
PUB000003,47,"Bashash D., Mesenchymal Stromal/Stem Cells And Mscderived Extracellular Vesicles In Covid19Induced Ards: Mechanisms Of Action, Research Progress, Challenges, And Opportunities, Int. Immunopharmacol, 97, (2021)"
PUB000003,48,Noverina R
PUB000003,49,Widowati W
PUB000003,50,Ayuningtyas W
PUB000003,51,Rinendyaputri R
PUB000003,52,Rilianawati R
PUB000003,53,"Faried A., Growth Factors Profile In Conditioned Medium Human Adipose Tissuederived Mesenchymal Stem Cells (Cmhatmscs), Clin. Nutr. Exp, 24, Pp. 34-44, (2019)"
PUB000003,54,Perreau M
PUB000003,55,Suf M
PUB000003,56,Marquesvidal P
PUB000003,57,Wiedemann A
PUB000003,58,Levy Y
PUB000003,59,"Laouenan C, The Cytokines Hgf And Cxcl13 Predict The Severity And Mortality In Covid19 Patients, Nat. Commun, 12, 1, Pp. 1-10, (2021)"
PUB000003,60,Puschel F
PUB000003,61,Favaro F
PUB000003,62,Redondopedraza J
PUB000003,63,Lucendo E
PUB000003,64,"Iurlaro R., Starvation And Antimetabolic Therapy Promote Cytokine Release And Recruitment Of Immune Cells, Proc. Natl. Acad. Sci. U. S. A, 117, 18, Pp. 9932-9941, (2020)"
PUB000003,65,Sagaradze G
PUB000003,66,Grigorieva O
PUB000003,67,Nimiritsky P
PUB000003,68,Basalova N
PUB000003,69,Kalinina N
PUB000003,70,"Akopyan Z, Conditioned Medium From Human Mesenchymal Stromal Cells: Towards The Clinical Translation, Int. J. Mol. Sci, 20, 7, (2019)"
PUB000003,71,Ting H
PUB000003,72,"Dilley Rj., Novel Nonangiogenic Role For Mesenchymal Stem Cellderived Vascular Endothelial Growth Factor On Keratinocytes During Wound Healing, Cytokine Growth Factor Rev, 44, Pp. 1-11, (2018)"
PUB000003,73,Varma Ak
PUB000003,74,Patil R
PUB000003,75,Das S
PUB000003,76,Stanley A
PUB000003,77,Yadav L
PUB000003,78,"Sudhakar A., Optimized Hydrophobic Interactions And Hydrogen Bonding At The Targetligand Interface Lead The Pathways Of Drug Designing, Plos One, 5, 8, (2010)"
PUB000003,79,Wang L
PUB000003,80,Li Y
PUB000003,81,Xu M
PUB000003,82,Deng Z
PUB000003,83,Zhao Y
PUB000003,84,"Yang M., Regulation Of Inflammatory Cytokine Storms By Mesenchymal Stem Cells, Front. Immunol, 12, Pp. 1-14, (2021)"
PUB000003,85,Wang S
PUB000003,86,Mo M
PUB000003,87,Wang J
PUB000003,88,Sadia S
PUB000003,89,"Shi B., Plateletderived Growth Factor Receptor Beta Identifies Mesenchymal Stem Cells With Enhanced Engraftment To Tissue Injury And Proangiogenic Property, Cell. Mol. Life Sci, 75, Pp. 547-561, (2018)"
PUB000003,90,Widowati W
PUB000003,91,Prahastuti S
PUB000003,92,Ekayanti Nlw
PUB000003,93,Munshy Uz
PUB000003,94,Kusuma Hsw
PUB000003,95,"Wibowo Shb, Antiinflammation Assay Of Black Soybean Extract And Its Compounds On Lipopolysaccharideinduced Raw 264.7 Cell, J. Phys. Conf. Ser, 1374, 1, (2019)"
PUB000003,96,Widowati W
PUB000003,97,Wargasetia Tl
PUB000003,98,Rahardja F
PUB000003,99,Gunanegara Rf
PUB000003,100,Handayani T
PUB000003,101,"Kusuma Hsw, Potential Of Human Wharton’S Jelly Mesenchymal Stem Cells Secretome For Covid19 Adjuvant Therapy Candidate, Ieee Trans. Health Instrum. Meas. Nat. Sci, 2021, Pp. 1-6, (2021)"
PUB000003,102,Widowati W
PUB000003,103,Widyastuti H
PUB000003,104,Murti H
PUB000003,105,Laksmitawati Dr
PUB000003,106,Maesaroh M
PUB000003,107,"Sumitro Sb, Interleukins And Vegf Secretome Of Human Wharton’S Jelly Mesenchymal Stem Cellsconditioned Medium In Different Passages And Oxygen Tensions, Biomark. Genom. Med, 14, 4, Pp. 1-34, (2016)"
PUB000003,108,Yao W
PUB000003,109,Shi L
PUB000003,110,Zhang Y
PUB000003,111,Dong H
PUB000003,112,"Zhang Y., Mesenchymal Stem/Stromal Cell Therapy For Covid19 Pneumonia: Potential Mechanisms, Current Clinical Evidence, And Future Perspectives, Stem Cell Res. Ther, 13, 1, Pp. 1-13, (2022)"
PUB000003,113,Zhuang Wz
PUB000003,114,Lin Yh
PUB000003,115,Su Lj
PUB000003,116,Wu Ms
PUB000003,117,"Jeng Hy., Mesenchymal Stem/Stromal Cellbased Therapy: Mechanism, Systemic Safety, And Biodistribution For Precision Clinical Applications, J. Biomed. Sci, 28, Pp. 1-38, (2021)"
PUB000004,1,"Bin Lim K, Epidemiology Of Clinical Benign Prostatic Hyperplasia, Asian J Urol, 4, 3, Pp. 148-151, (2017)"
PUB000004,2,Xu Xf
PUB000004,3,Liu Gx
PUB000004,4,Guo Ys
PUB000004,5,Zhu Hy
PUB000004,6,He Dl
PUB000004,7,Qiao Xm
PUB000004,8,"Li Xh., Global, Regional, And National Incidence And Year Lived With Disability For Benign Prostatic Hyperplasia From 1990 To 2019, Am J Mens Health, 15, 4, Pp. 1-13, (2021)"
PUB000004,9,Awedew Af
PUB000004,10,Han H
PUB000004,11,Abbasi B
PUB000004,12,Abbasi-Kangevari M
PUB000004,13,Ahmed Mb
PUB000004,14,Almidani O
PUB000004,15,Amini E
PUB000004,16,Arabloo J
PUB000004,17,Argaw Am
PUB000004,18,Athari Ss
PUB000004,19,Atlaw D
PUB000004,20,Banach M
PUB000004,21,Barrow A
PUB000004,22,Bhagavathula As
PUB000004,23,Bhojaraja Vs
PUB000004,24,Bikbov B
PUB000004,25,Bodicha Bba
PUB000004,26,Butt Ns
PUB000004,27,Dos Santos Flc
PUB000004,28,Dadras O
PUB000004,29,Dai X
PUB000004,30,Doan Lp
PUB000004,31,Eftekharzadeh S
PUB000004,32,Fatehizadeh A
PUB000004,33,Garg T
PUB000004,34,Gebremeskel Tg
PUB000004,35,Getachew Me
PUB000004,36,Ghamari Sh
PUB000004,37,Gilani Sa
PUB000004,38,Golechha M
PUB000004,39,Gupta Vb
PUB000004,40,Gupta Vk
PUB000004,41,Hay Si
PUB000004,42,Hosseini Ms
PUB000004,43,Hosseinzadeh M
PUB000004,44,Humayun A
PUB000004,45,Ilic Im
PUB000004,46,Ilic Md
PUB000004,47,Ismail Ne
PUB000004,48,Jakovljevic M
PUB000004,49,Jayaram S
PUB000004,50,Jazayeri Sb
PUB000004,51,Jema At
PUB000004,52,Kabir A
PUB000004,53,Karaye Im
PUB000004,54,Khader Ys
PUB000004,55,Khan Ea
PUB000004,56,Landires I
PUB000004,57,Lee Sw
PUB000004,58,Lee Swh
PUB000004,59,Lim Ss
PUB000004,60,Lobo Sw
PUB000004,61,Majeed A
PUB000004,62,Malekpour Mr
PUB000004,63,Malih N
PUB000004,64,Malik Aa
PUB000004,65,Mehrabi Nasab E
PUB000004,66,Mestrovic T
PUB000004,67,Michalek Im
PUB000004,68,Mihrtie Gn
PUB000004,69,Mirza-Aghazadeh-Attari M
PUB000004,70,Misganaw At
PUB000004,71,Mokdad Ah
PUB000004,72,Molokhia M
PUB000004,73,Murray Cjl
PUB000004,74,Swamy Sn
PUB000004,75,Nguyen Sh
PUB000004,76,Nowroozi A
PUB000004,77,Nunez-Samudio V
PUB000004,78,Owolabi Mo
PUB000004,79,Pawar S
PUB000004,80,Perico N
PUB000004,81,Rawaf Dl
PUB000004,82,Rawaf S
PUB000004,83,Rawassizadeh R
PUB000004,84,Remuzzi G
PUB000004,85,Sahebkar A
PUB000004,86,Sampath C
PUB000004,87,Shetty Jk
PUB000004,88,Sibhat Mm
PUB000004,89,Singh Ja
PUB000004,90,Tan Kk
PUB000004,91,Temesgen G
PUB000004,92,Tolani Ma
PUB000004,93,Tovani-Palone Mr
PUB000004,94,Tahbaz Sv
PUB000004,95,Valizadeh R
PUB000004,96,Vo B
PUB000004,97,Vu Lg
PUB000004,98,Yang L
PUB000004,99,Yazdanpanah F
PUB000004,100,Yigit A
PUB000004,101,Yigit V
PUB000004,102,Yunusa I
PUB000004,103,Zahir M
PUB000004,104,Vos T
PUB000004,105,"Dirac Ma., The Global, Regional, And National Burden Of Benign Prostatic Hyperplasia In 204 Countries And Territories From 2000 To 2019: A Systematic Analysis For The Global Burden Of Disease Study 2019, Lancet Heal Longev, 3, 11, Pp. 754-776, (2022)"
PUB000004,106,Devlin Cm
PUB000004,107,Simms Ms
PUB000004,108,"Maitland Nj., Benign Prostatic Hyperplasia – What Do We Know?, Bju Int, 127, 4, Pp. 389-399, (2021)"
PUB000004,109,Duarsa Gwk
PUB000004,110,Dau Do
PUB000004,111,Putrapramana Ib
PUB000004,112,Tirtayasa Pmw
PUB000004,113,Yudiana Iw
PUB000004,114,Santosa Kb
PUB000004,115,Oka Aag
PUB000004,116,Mahadewa Tgb
PUB000004,117,"Ryalino C., Risk Factors For Prostate Volume Progression After Prostate-Transurethral Resection, Res Reports Urol, 12, Pp. 175-178, (2020)"
PUB000004,118,Yu Zj
PUB000004,119,Yan Hl
PUB000004,120,Xu Fh
PUB000004,121,Chao Hc
PUB000004,122,Deng Lh
PUB000004,123,Xu Xd
PUB000004,124,Huang Jb
PUB000004,125,"Zeng T., Efficacy And Side Effects Of Drugs Commonly Used For The Treatment Of Lower Urinary Tract Symptoms Associated With Benign Prostatic Hyperplasia, Front Pharmacol, 11, 5, Pp. 1-17, (2020)"
PUB000004,126,Madersbacher S
PUB000004,127,Sampson N
PUB000004,128,"Culig Z., Pathophysiology Of Benign Prostatic Hyperplasia And Benign Prostatic Enlargement: A Mini-Review, Gerontology, 65, 5, Pp. 458-464, (2019)"
PUB000004,129,Schmid Fa
PUB000004,130,Lieger L
PUB000004,131,Saba K
PUB000004,132,Sigg S
PUB000004,133,Lehner F
PUB000004,134,Waisbrod S
PUB000004,135,Muller A
PUB000004,136,Sulser T
PUB000004,137,Eberli D
PUB000004,138,"Mortezavi A., Therapy Decisions After Diagnosis Of Prostate Cancer In Men With Negative Prostate Mri, Prostate, 83, 1, Pp. 56-63, (2023)"
PUB000004,139,Chan Ewc
PUB000004,140,Wong Sk
PUB000004,141,"Chan Ht., Ulam Herbs Of Oenanthe Javanica And Cosmos Caudatus: An Overview On Their Medicinal Properties, J Nat Remedies, 16, 4, Pp. 137-147, (2016)"
PUB000004,142,Fu W
PUB000004,143,Chen S
PUB000004,144,Zhang Z
PUB000004,145,Chen Y
PUB000004,146,You X
PUB000004,147,"Li Q., Quercetin In Tonglong Qibi Decoction Ameliorates Testosterone-Induced Benign Prostatic Hyperplasia In Rats By Regulating Nrf2 Signalling Pathways And Oxidative Stress, Andrologia, 54, 9, Pp. 1-14, (2022)"
PUB000004,148,Daud D
PUB000004,149,Mohd Fekery Nf
PUB000004,150,"Hashim N., Reproductive Health Of Rats With Benign Prostatic Hyperplasia Following Cosmos Caudatus Ethanolic Extract Consumption, J Appl Pharm Sci, 7, 6, Pp. 202-205, (2017)"
PUB000004,151,Azzahra Rw
PUB000004,152,Murdaya N
PUB000004,153,Al Shofwan Aa
PUB000004,154,Ramadan E
PUB000004,155,"Utami Sd., Molecular Docking Senyawa Ekstrak Etanol Daun Kenikir (Cosmos Caudatus) Sebagai Inhibitor IL-6 Dalam Respon Inflamasi, J Farm Udayana, 10, 2, Pp. 138-143, (2021)"
PUB000004,156,Rafi M
PUB000004,157,Hayati F
PUB000004,158,Umar Ah
PUB000004,159,Septaningsih Da
PUB000004,160,"Rachmatiah T., Lc-Hrms-Based Metabolomics To Evaluate The Phytochemical Profile And Antioxidant Capacity Of Cosmos Caudatus With Different Extraction Methods And Solvents, Arab J Chem, 16, 9, Pp. 1-9, (2023)"
PUB000004,161,Chen J
PUB000004,162,Zhong K
PUB000004,163,Qin S
PUB000004,164,Jing Y
PUB000004,165,Liu S
PUB000004,166,Li D
PUB000004,167,"Peng C., Astragalin: A Food-Origin Flavonoid With Therapeutic Effect For Multiple Diseases, Front Pharmacol, 14, 10, Pp. 1-18, (2023)"
PUB000004,168,Zhang M
PUB000004,169,Luo C
PUB000004,170,Cui K
PUB000004,171,Xiong T
PUB000004,172,"Chen Z., Chronic Inflammation Promotes Proliferation In The Prostatic Stroma In Rats With Experimental Autoimmune Prostatitis: Study For A Novel Method Of Inducing Benign Prostatic Hyperplasia In A Rat Model, World J Urol, 38, 11, Pp. 2933-2943, (2020)"
PUB000004,173,Lee Sm
PUB000004,174,Lee Sm
PUB000004,175,"Song J., Effects Of Taraxaci Herba (Dandelion) On Testosterone Propionate-Induced Benign Prostatic Hyperplasia In Rats, Nutrients, 16, 8, Pp. 1-14, (2024)"
PUB000004,176,Tuong Zk
PUB000004,177,Loudon Kw
PUB000004,178,Berry B
PUB000004,179,Richoz N
PUB000004,180,Jones J
PUB000004,181,Tan X
PUB000004,182,Nguyen Q
PUB000004,183,George A
PUB000004,184,Hori S
PUB000004,185,Field S
PUB000004,186,Lynch Ag
PUB000004,187,Kania K
PUB000004,188,Coupland P
PUB000004,189,Babbage A
PUB000004,190,Grenfell R
PUB000004,191,Barrett T
PUB000004,192,Warren Ay
PUB000004,193,Gnanapragasam V
PUB000004,194,Massie C
PUB000004,195,"Clatworthy Mr., Resolving The Immune Landscape Of Human Prostate At A Single-Cell Level In Health And Cancer, Cell Rep, 37, 12, Pp. 1-23, (2021)"
PUB000004,196,Chung Eh
PUB000004,197,Kim Jw
PUB000004,198,Kim Jh
PUB000004,199,Jeong Js
PUB000004,200,Lim Jh
PUB000004,201,Boo Sy
PUB000004,202,Ko Jw
PUB000004,203,"Kim Tw., Ageratum Conyzoides Extract Ameliorates Testosterone-Induced Benign Prostatic Hyperplasia Via Inhibiting Proliferation, Inflammation Of Prostates, And Induction Of Apoptosis In Rats, Nutrients, 16, 14, Pp. 1-12, (2024)"
PUB000004,204,Almatroudi A
PUB000004,205,Allemailem Ks
PUB000004,206,Alwanian Wm
PUB000004,207,Alharbi Bf
PUB000004,208,Alrumaihi F
PUB000004,209,Khan Aa
PUB000004,210,Almatroodi Sa
PUB000004,211,"Rahmani Ah., Effects And Mechanisms Of Kaempferol In The Management Of Cancers Through Modulation Of Inflammation And Signal Transduction Pathways, Int J Mol Sci, 24, 10, Pp. 1-35, (2023)"
PUB000004,212,Zhang H
PUB000004,213,Yang L
PUB000004,214,Han Q
PUB000004,215,"Xu W., Antifibrotic Effects Of Quercetin On Tgf-Β1-Induced Vocal Fold Fibroblasts, Am J Transl Res, 14, 12, Pp. 8552-8561, (2022)"
PUB000004,216,Penna G
PUB000004,217,Fibbi B
PUB000004,218,Amuchastegui S
PUB000004,219,Cossetti C
PUB000004,220,Aquilano F
PUB000004,221,Laverny G
PUB000004,222,Gacci M
PUB000004,223,Crescioli C
PUB000004,224,Maggi M
PUB000004,225,"Adorini L., Human Benign Prostatic Hyperplasia Stromal Cells As Inducers And Targets Of Chronic Immuno-Mediated Inflammation, J Immunol, 182, 7, Pp. 4056-4064, (2009)"
PUB000004,226,Shukla R
PUB000004,227,Pandey V
PUB000004,228,Vadnere Gp
PUB000004,229,"Lodhi S., Role Of Flavonoids In Management Of Inflammatory Disorders, Pp. 293-322, (2019)"
PUB000004,230,Hata J
PUB000004,231,Harigane Y
PUB000004,232,Matsuoka K
PUB000004,233,Akaihata H
PUB000004,234,Yaginuma K
PUB000004,235,Meguro S
PUB000004,236,Hoshi S
PUB000004,237,Sato Y
PUB000004,238,Ogawa S
PUB000004,239,Uemura M
PUB000004,240,"Kojima Y., Stromal Proliferation In Benign Prostatic Hyperplasia, Urology & Nephrology, Pp. 1-8, (2023)"
PUB000004,241,Edirisinghe O
PUB000004,242,Ternier G
PUB000004,243,Alraawi Z
PUB000004,244,"Suresh Kumar Tk., Decoding Fgf/Fgfr Signaling: Insights Into Biological Functions And Disease Relevance, Biomolecules, 14, 12, Pp. 1-36, (2024)"
PUB000004,245,Haroon M
PUB000004,246,"Kang Sc., Kaempferol Promotes Apoptosis And Inhibits Proliferation And Migration By Suppressing Hif1Α/Vegf And Wnt/Β-Catenin Activation Under Hypoxic Condition In Colon Cancer, Appl Biol Chem, 68, 1, Pp. 1-18, (2025)"
PUB000004,247,Ghafouri-Fard S
PUB000004,248,Shabestari Fa
PUB000004,249,Vaezi S
PUB000004,250,Abak A
PUB000004,251,Shoorei H
PUB000004,252,Karimi A
PUB000004,253,Taheri M
PUB000004,254,"Basiri A., Emerging Impact Of Quercetin In The Treatment Of Prostate Cancer, Biomed Pharmacother, 138, Pp. 1-9, (2021)"
PUB000004,255,Vickman Re
PUB000004,256,Franco Oe
PUB000004,257,Moline Dc
PUB000004,258,Vander Griend Dj
PUB000004,259,Thumbikat P
PUB000004,260,"Hayward Sw., The Role Of The Androgen Receptor In Prostate Development And Benign Prostatic Hyperplasia: A Review, Asian J Urol, 7, 3, Pp. 191-202, (2020)"
PUB000004,261,Nickel Jc
PUB000004,262,Roehrborn Cg
PUB000004,263,Castro-Santamaria R
PUB000004,264,Freedland Sj
PUB000004,265,"Moreira Dm., Chronic Prostate Inflammation Is Associated With Severity And Progression Of Benign Prostatic Hyperplasia, Lower Urinary Tract Symptoms And Risk Of Acute Urinary Retention, J Urol, 196, 5, Pp. 1493-1498, (2016)"
PUB000005,1,Manola F.
PUB000005,2,Miller E.
PUB000005,3,"Mcbride B., Rdf 1.1 Primer, (2014)"
PUB000005,4,Rahajeng M.I.
PUB000005,5,"Purwarianti A., Indonesian Question Answering System For Factoid Questions Using Face Beauty Products Knowledge Graph, Jurnal Linguistik Komputasional, 4, 2, Pp. 59-63, (2021)"
PUB000005,6,Kerenza D.
PUB000005,7,"Krisnadhi A.A., Ac-Iquad: Automatically Constructed Indonesian Question Answering Dataset By Leveraging Wikidata, Lang Resources & Evaluation, (2024)"
PUB000005,8,Zhang L.
PUB000005,9,Zhang J.
PUB000005,10,Ke X.
PUB000005,11,Li H.
PUB000005,12,Huang X.
PUB000005,13,Shao Z.
PUB000005,14,Cao S.
PUB000005,15,"Lv X., A Survey On Complex Factual Question Answering, AI Open, 4, Pp. 1-12, (2023)"
PUB000005,16,Yani M.
PUB000005,17,Krisnadhi A.A.
PUB000005,18,"Budi I., A Better Entity Detection Of Question For Knowledge Graph Question Answering Through Extracting Position-Based Patterns, J. Big Data, 9, 1, (2022)"
PUB000005,19,"Ochieng P.J., Parot: Translating Natural Language To Sparql, Expert Syst. Appl., 176, (2021)"
PUB000005,20,Hoffner K.
PUB000005,21,Walter S.
PUB000005,22,Marx E.
PUB000005,23,Usbeck R.
PUB000005,24,Lehmann J.
PUB000005,25,"Ngomo A.N., Survey On Challenges Of Question Answering In The Semantic Web, Semantic Web, 8, 6, Pp. 895-920, (2017)"
PUB000005,26,Yani M.
PUB000005,27,"Krisnadhi A.A., Challenges, Techniques, And Trends Of Simple Knowledge Graph Question Answering: A Survey, Inf., 12, 7, (2021)"
PUB000005,28,Pramanik S.
PUB000005,29,Alabi J.
PUB000005,30,Roy R.S.
PUB000005,31,"Weikum G., Uniqorn: Unified Question Answering Over Rdf Knowledge Graphs And Natural Language Text, Corr, (2021)"
PUB000005,32,Steinmetz N.
PUB000005,33,"Sattler K., What Is In The Kgqa Benchmark Datasets? Survey On Challenges In Datasets For Question Answering On Knowledge Graphs, J. Data Semant., 10, 3-4, Pp. 241-265, (2021)"
PUB000005,34,Bordes A.
PUB000005,35,Usunier N.
PUB000005,36,Chopra S.
PUB000005,37,"Weston J., Large-Scale Simple Question Answering With Memory Networks, Corr, (2015)"
PUB000005,38,Krisnadhi A.A.
PUB000005,39,Yani M.
PUB000005,40,"Budi I., Entity And Relation Linking For Knowledge Graph Question Answering Using Gradual Searching, Jurnal Nasional Teknik Elektro Dan Teknologi Informasi, 13, 2, Pp. 139-146, (2024)"
PUB000005,41,Azmy M.
PUB000005,42,Shi P.
PUB000005,43,Lin J.
PUB000005,44,"Ilyas I.F., Farewell Freebase: Migrating The Simplequestions Dataset To Dbpedia, Proceedings Of The 27Th International Conference On Computational Linguistics, Coling 2018, Pp. 2093-2103, (2018)"
PUB000005,45,Brown T.B.
PUB000005,46,Mann B.
PUB000005,47,Ryder N.
PUB000005,48,Subbiah M.
PUB000005,49,Kaplan J.
PUB000005,50,Dhariwal P.
PUB000005,51,Neelakantan A.
PUB000005,52,Shyam P.
PUB000005,53,Sastry G.
PUB000005,54,Askell A.
PUB000005,55,Agarwal S.
PUB000005,56,Herbert-Voss A.
PUB000005,57,Krueger G.
PUB000005,58,Henighan T.
PUB000005,59,Child R.
PUB000005,60,Ramesh A.
PUB000005,61,Ziegler D.M.
PUB000005,62,Wu J.
PUB000005,63,Winter C.
PUB000005,64,Hesse C.
PUB000005,65,Chen M.
PUB000005,66,Sigler E.
PUB000005,67,Litwin M.
PUB000005,68,Gray S.
PUB000005,69,Chess B.
PUB000005,70,Clark J.
PUB000005,71,Berner C.
PUB000005,72,Mccandlish S.
PUB000005,73,Radford A.
PUB000005,74,Sutskever I.
PUB000005,75,"Amodei D., Language Models Are Few-Shot Learners, Advances In Neural Information Processing Systems 33: Annual Conference On Neural Information Processing Systems 2020, Neurips 2020, (2020)"
PUB000005,76,Dubey M.
PUB000005,77,Banerjee D.
PUB000005,78,Abdelkawi A.
PUB000005,79,"Lehmann J., Lc-Quad 2.0: A Large Dataset For Complex Question Answering Over Wikidata And Dbpedia, The Semantic Web - Iswc 2019 - 18Th International Semantic Web Conference, 11779, Pp. 69-78, (2019)"
PUB000005,80,Lukovnikov D.
PUB000005,81,Fischer A.
PUB000005,82,"Lehmann J., Pretrained Transformers For Simple Question Answering Over Knowledge Graphs, The Semantic Web - Iswc 2019 - 18Th International Semantic Web Conference, 11778, Pp. 470-486, (2019)"
PUB000005,83,Unger C.
PUB000005,84,Buhmann L.
PUB000005,85,Lehmann J.
PUB000005,86,Ngomo A.N.
PUB000005,87,Gerber D.
PUB000005,88,"Cimiano P., Template-Based Question Answering Over Rdf Data, Proceedings Of The 21St World Wide Web Conference 2012, Www 2012, Pp. 639-648, (2012)"
PUB000005,89,Huang X.
PUB000005,90,Zhang J.
PUB000005,91,Li D.
PUB000005,92,"Li P., Knowledge Graph Embedding Based Question Answering, Proceedings Of The Twelfth Acm International Conference On Web Search And Data Mining, Wsdm 2019, Pp. 105-113, (2019)"
PUB000005,93,Zhao W.
PUB000005,94,Chung T.
PUB000005,95,Goyal A.K.
PUB000005,96,"Metallinou A., Simple Question Answering With Subgraph Ranking And Joint-Scoring, Proceedings Of The 2019 Conference Of The North American Chapter Of The Association For Computational Linguistics: Human Language Technologies, Naaclhlt 2019, 1, Pp. 324-334, (2019)"
PUB000005,97,Luo D.
PUB000005,98,Su J.
PUB000005,99,"Yu S., A Bert-Based Approach With Relation-Aware Attention For Knowledge Base Question Answering, 2020 International Joint Conference On Neural Networks, Ijcnn 2020, Pp. 1-8, (2020)"
PUB000005,100,Cabrio E.
PUB000005,101,Cimiano P.
PUB000005,102,Lopez V.
PUB000005,103,Ngomo A.N.
PUB000005,104,Unger C.
PUB000005,105,"Walter S., Qald-3: Multilingual Question Answering Over Linked Data, Working Notes For Clef 2013 Conference, Valencia, Spain, September 23-26, 2013, Ser. Ceur Workshop Proceedings, 1179, (2013)"
PUB000005,106,Unger C.
PUB000005,107,Forascu C.
PUB000005,108,Lopez V.
PUB000005,109,Ngomo A.N.
PUB000005,110,Cabrio E.
PUB000005,111,Cimiano P.
PUB000005,112,"Walter S., Question Answering Over Linked Data (Qald-4), Working Notes For Clef 2014 Conference, Sheffield, Uk, September 15-18, 2014, Ser. Ceur Workshop Proceedings, 1180, Pp. 1172-1180, (2014)"
PUB000005,113,Unger C.
PUB000005,114,Forascu C.
PUB000005,115,Lopez V.
PUB000005,116,Ngomo A.N.
PUB000005,117,Cabrio E.
PUB000005,118,Cimiano P.
PUB000005,119,"Walter S., Question Answering Over Linked Data (Qald-5), Working Notes Of Clef 2015 - Conference And Labs Of The Evaluation Forum, Toulouse, France, September 8-11, 2015, Ser. Ceur Workshop Proceedings, 1391, (2015)"
PUB000005,120,Perevalov A.
PUB000005,121,Diefenbach D.
PUB000005,122,Usbeck R.
PUB000005,123,"Both A., Qald-9-Plus: A Multilingual Dataset For Question Answering Over Dbpedia And Wikidata Translated By Native Speakers, 16Th Ieee International Conference On Semantic Computing, Icsc 2022, Pp. 229-234, (2022)"
PUB000005,124,Usbeck R.
PUB000005,125,Ngomo A.N.
PUB000005,126,Haarmann B.
PUB000005,127,Krithara A.
PUB000005,128,Roder M.
PUB000005,129,"Napolitano G., 7Th Open Challenge On Question Answering Over Linked Data (Qald-7), Semantic Web Challenges - 4Th Semwebeval Challenge At Eswc 2017, Portoroz, Slovenia, May 28 - June 1, 2017, Revised Selected Papers, Ser. Communications In Computer And Information Science, 769, Pp. 59-69, (2017)"
PUB000005,130,Kartik
PUB000005,131,Shenoy F.
PUB000005,132,Ilievski D.
PUB000005,133,Garijo D.
PUB000005,134,Schwabe P.
PUB000005,135,"Szekely, A Study Of The Quality Of Wikidata, Journal Of Web Semantics, 72, Pp. 1-10, (2022)"
PUB000005,136,Kaffee L.
PUB000005,137,"Simperl E., Analysis Of Editors’ Languages In Wikidata, Proceedings Of The 14Th International Symposium On Open Collaboration, Opensym 2018, Pp. 211-215, (2018)"
PUB000005,138,"Tharani K., Much More Than A Mere Technology: A Systematic Review Of Wikidata In Libraries, The Journal Of Academic Librarianship, 47, (2021)"
PUB000005,139,Cahyawijaya S.
PUB000005,140,Lovenia H.
PUB000005,141,Aji A.F.
PUB000005,142,Winata G.I.
PUB000005,143,Wilie B.
PUB000005,144,Koto F.
PUB000005,145,Mahendra R.
PUB000005,146,Wibisono C.
PUB000005,147,Romadhony A.
PUB000005,148,Vincentio K.
PUB000005,149,Santoso J.
PUB000005,150,Moeljadi D.
PUB000005,151,Wirawan C.
PUB000005,152,Hudi F.
PUB000005,153,Wicaksono M.S.
PUB000005,154,Parmonangan I.H.
PUB000005,155,Alfina I.
PUB000005,156,Putra I.F.
PUB000005,157,Rahmadani S.
PUB000005,158,Oenang Y.
PUB000005,159,Septiandri A.A.
PUB000005,160,Jaya J.
PUB000005,161,Dhole K.D.
PUB000005,162,Suryani A.A.
PUB000005,163,Putri R.A.
PUB000005,164,Su D.
PUB000005,165,Stevens K.
PUB000005,166,Nityasya M.N.
PUB000005,167,Adilazuarda M.F.
PUB000005,168,Hadiwijaya R.
PUB000005,169,Diandaru R.
PUB000005,170,Yu T.
PUB000005,171,Ghifari V.
PUB000005,172,Dai W.
PUB000005,173,Xu Y.
PUB000005,174,Damapuspita D.
PUB000005,175,Wibowo H.A.
PUB000005,176,Tho C.
PUB000005,177,Karo I.M.K.
PUB000005,178,Fatyanosa T.
PUB000005,179,Ji Z.
PUB000005,180,Neubig G.
PUB000005,181,Baldwin T.
PUB000005,182,Ruder S.
PUB000005,183,Fung P.
PUB000005,184,Sujaini H.
PUB000005,185,Sakti S.
PUB000005,186,"Purwarianti A., Nusacrowd: Open Source Initiative For Indonesian NLP Resources, Findings Of The Association For Computational Linguistics: Acl 2023, Pp. 13745-13818, (2023)"
PUB000005,187,"Israel G.D., Determining Sample Size, (2009)"
PUB000005,188,Eugenio B.D.
PUB000005,189,"Glass M., The Kappa Statistic: A Second Look, Comput. Linguistics, 30, 1, Pp. 95-101, (2004)"
PUB000006,1,"Duan Z., Milling Force Model For Aviation Aluminum Alloy: Academic Insight And Perspective Analysis, Chinese Journal Of Mechanical Engineering, 34, 1, (2021)"
PUB000006,2,"Baldin V., Dry And Mql Milling Of Aisi 1045 Steel With Vegetable And Mineral-Based Fluids, Lubricants, 11, 4, (2023)"
PUB000006,3,Jm
PUB000006,4,Pkm
PUB000006,5,"Ar, Effect Of Ln2 And Co2 Coolants In Milling Of 55Nicrmov7 Steel, J Manuf Process, 53, Pp. 318-327, (2020)"
PUB000006,6,Margono M.K.
PUB000006,7,Setiadhi D.
PUB000006,8,Hassan K.H.
PUB000006,9,"Lakshminarasimhan R., Development Of Titanium Nitride-Based Coatings For Wear Resistant Materials: A Review, Mechanics Exploration And Material Innovation, 1, 3, Pp. 102-119, (2024)"
PUB000006,10,"Tang L., Biological Stability Of Water-Based Cutting Fluids: Progress And Application, Chinese Journal Of Mechanical Engineering, 35, 1, (2022)"
PUB000006,11,Shah P.
PUB000006,12,Khanna N.
PUB000006,13,"Chetan, Comprehensive Machining Analysis To Establish Cryogenic Ln2 And Lco2 As Sustainable Cooling And Lubrication Techniques, Tribol Int, 148, (2020)"
PUB000006,14,"Sarikaya M., Cooling Techniques To Improve The Machinability And Sustainability Of Light-Weight Alloys: A State-Of-The-Art Review, J Manuf Process, 62, Pp. 179-201, (2021)"
PUB000006,15,"Khanna N., Review On Design And Development Of Cryogenic Machining Setups For Heat Resistant Alloys And Composites, J Manuf Process, 68, Pp. 398-422, (2021)"
PUB000006,16,Silva L.R.
PUB000006,17,Correa E.C.S.
PUB000006,18,Brandao J.R.
PUB000006,19,"Avila R.F.D., Environmentally Friendly Manufacturing: Behavior Analysis Of Minimum Quantity Of Lubricant - Mql In Grinding Process, J Clean Prod, 256, (2020)"
PUB000006,20,Kui G.W.A.
PUB000006,21,Islam S.
PUB000006,22,Reddy M.M.
PUB000006,23,Khandoker N.
PUB000006,24,"Chen V.L.C., Recent Progress And Evolution Of Coolant Usages In Conventional Machining Methods: A Comprehensive Review, 119, 1-2, (2022)"
PUB000006,25,Sen B.
PUB000006,26,Mia M.
PUB000006,27,Krolczyk G.M.
PUB000006,28,Mandal U.K.
PUB000006,29,"Mondal S.P., Eco-Friendly Cutting Fluids In Minimum Quantity Lubrication Assisted Machining: A Review On The Perception Of Sustainable Manufacturing, Korean Society For Precision Engineering, 8, 1, (2021)"
PUB000006,30,"Wang X., Vegetable Oil-Based Nanofluid Minimum Quantity Lubrication Turning: Academic Review And Perspectives, J Manuf Process, 59, March, Pp. 76-97, (2020)"
PUB000006,31,Teti R.
PUB000006,32,D'Addona D.M.
PUB000006,33,"Segreto T., Microbial-Based Cutting Fluids As Bio-Integration Manufacturing Solution For Green And Sustainable Machining, Cirp J Manuf Sci Technol, 32, Pp. 16-25, (2021)"
PUB000006,34,"Zhang J., Convective Heat Transfer Coefficient Model Under Nanofluid Minimum Quantity Lubrication Coupled With Cryogenic Air Grinding Ti–6Al–4V, International Journal Of Precision Engineering And Manufacturing-Green Technology, 8, 4, Pp. 1113-1135, (2021)"
PUB000006,35,Luo X.
PUB000006,36,Wu S.
PUB000006,37,Wang D.
PUB000006,38,Yun Y.
PUB000006,39,An Q.
PUB000006,40,"Li C., Sustainable Development Of Cutting Fluids: The Comprehensive Review Of Vegetable Oil, J Clean Prod, 473, (2024)"
PUB000006,41,Elsheikh A.H.
PUB000006,42,Elaziz M.A.
PUB000006,43,Das S.R.
PUB000006,44,Muthuramalingam T.
PUB000006,45,"Lu S., A New Optimized Predictive Model Based On Political Optimizer For Eco-Friendly Mql-Turning Of Aisi 4340 Alloy With Nano-Lubricants, J Manuf Process, 67, Pp. 562-578, (2021)"
PUB000006,46,"Jamil M., Sustainable Milling Of Ti–6Al–4V: A Trade-Off Between Energy Efficiency, Carbon Emissions And Machining Characteristics Under Mql And Cryogenic Environment, J Clean Prod, 281, (2021)"
PUB000006,47,Hegab H.
PUB000006,48,Umer U.
PUB000006,49,Soliman M.
PUB000006,50,"Kishawy H.A., Effects Of Nano-Cutting Fluids On Tool Performance And Chip Morphology During Machining Inconel 718, International Journal Of Advanced Manufacturing Technology, 96, 9-12, Pp. 3449-3458, (2018)"
PUB000006,51,Araujo Junior A.S.
PUB000006,52,Sales W.F.
PUB000006,53,Da Silva R.B.
PUB000006,54,Costa E.S.
PUB000006,55,"Rocha Machado A., Lubri-Cooling And Tribological Behavior Of Vegetable Oils During Milling Of Aisi 1045 Steel Focusing On Sustainable Manufacturing, J Clean Prod, 156, Pp. 635-647, (2017)"
PUB000006,56,Roy R.
PUB000006,57,"Prasad S., Comparative Study Of Mineral And Soya Bean Oil At Faulty Temperature For Transformer Application, Iop Conf Ser Mater Sci Eng, 1120, 1, (2021)"
PUB000006,58,"Stanciu I., Rheological Behavior Of Biodegradable Lubricants, Oriental Journal Of Chemistry, 35, 2, Pp. 684-688, (2019)"
PUB000006,59,"Pimenov D.Y., Improvement Of Machinability Of Ti And Its Alloys Using Cooling-Lubrication Techniques: A Review And Future Prospect, Journal Of Materials Research And Technology, 11, Pp. 719-753, (2021)"
PUB000006,60,Sharma V.S.
PUB000006,61,Dogra M.
PUB000006,62,"Suri N.M., Cooling Techniques For Improved Productivity In Turning, Int J Mach Tools Manuf, 49, 6, Pp. 435-453, (2009)"
PUB000006,63,"Gupta M.K., Experimental Characterisation Of The Performance Of Hybrid Cryolubrication Assisted Turning Of Ti–6Al–4V Alloy, Tribol Int, 153, (2021)"
PUB000006,64,Eltaggaz A.
PUB000006,65,Said Z.
PUB000006,66,"Deiab I., An Integrated Numerical Study For Using Minimum Quantity Lubrication (Mql) When Machining Austempered Ductile Iron (Adi), International Journal On Interactive Design And Manufacturing, 14, 3, Pp. 747-758, (2020)"
PUB000006,67,Tai B.L.
PUB000006,68,Stephenson D.A.
PUB000006,69,Furness R.J.
PUB000006,70,"Shih A.J., Minimum Quantity Lubrication (Mql) In Automotive Powertrain Machining, Procedia Cirp, 14, Pp. 523-528, (2014)"
PUB000006,71,Sarikaya M.
PUB000006,72,"Gullu A., Multi-Response Optimization Of Minimum Quantity Lubrication Parameters Using Taguchi-Based Grey Relational Analysis In Turning Of Difficult-To-Cut Alloy Haynes 25, J Clean Prod, 91, Pp. 347-357, (2015)"
PUB000006,73,Asogwa K.K.
PUB000006,74,Mebarek-Oudina F.
PUB000006,75,"Animasaun I.L., Comparative Investigation Of Water-Based Al2O3 Nanoparticles Through Water-Based Cuo Nanoparticles Over An Exponentially Accelerated Radiative Riga Plate Surface Via Heat Transport, Arab J Sci Eng, 47, 7, Pp. 8721-8738, (2022)"
PUB000006,76,Bai X.
PUB000006,77,Li C.
PUB000006,78,Dong L.
PUB000006,79,"Yin Q., Experimental Evaluation Of The Lubrication Performances Of Different Nanofluids For Minimum Quantity Lubrication (Mql) In Milling Ti-6Al-4V, International Journal Of Advanced Manufacturing Technology, 101, 9-12, Pp. 2621-2632, (2019)"
PUB000006,80,Ben Said L.
PUB000006,81,Kolsi L.
PUB000006,82,Ghachem K.
PUB000006,83,Almeshaal M.
PUB000006,84,"Maatki C., Application Of Nanofluids As Cutting Fluids In Machining Operations: A Brief Review, 13, 6, (2022)"
PUB000006,85,Sharma A.K.
PUB000006,86,Singh R.K.
PUB000006,87,Dixit A.R.
PUB000006,88,"Tiwari A.K., Novel Uses Of Alumina-Mos2 Hybrid Nanoparticle Enriched Cutting Fluid In Hard Turning Of Aisi 304 Steel, J Manuf Process, 30, Pp. 467-482, (2017)"
PUB000006,89,"Khan A.M., Energy-Based Cost Integrated Modelling And Sustainability Assessment Of Al-Gnp Hybrid Nanofluid Assisted Turning Of Aisi52100 Steel, J Clean Prod, 257, (2020)"
PUB000006,90,Thakur A.
PUB000006,91,Manna A.
PUB000006,92,"Samir S., Performance Evaluation Of Different Environmental Conditions On Output Characteristics During Turning Of En-24 Steel, International Journal Of Precision Engineering And Manufacturing, 20, 10, Pp. 1839-1849, (2019)"
PUB000006,93,Yildirim C.V.
PUB000006,94,Sirin S.
PUB000006,95,Kivak T.
PUB000006,96,"Sarikaya M., A Comparative Study On The Tribological Behavior Of Mono&Proportional Hybrid Nanofluids For Sustainable Turning Of Aisi 420 Hardened Steel With Cermet Tools, J Manuf Process, 73, Pp. 695-714, (2022)"
PUB000006,97,Kumar R.
PUB000006,98,"Gautam R.K., Tribological Investigation Of Sunflower And Soybean Oil With Metal Oxide Nanoadditives, Biomass Convers Biorefin, 14, 2, Pp. 2389-2401, (2024)"
PUB000006,99,"Nugroho A., A Comprehensive Investigation Of Low Proportion Tio2-Poe Nanolubricant Stability For Residential Air Conditioning System Application, Pp. 147-163, (2023)"
PUB000006,100,Al-Janabi A.S.
PUB000006,101,Hussin M.
PUB000006,102,Abdullah M.Z.
PUB000006,103,"Ismail M.A., Effect Of Ctab Surfactant On The Stability And Thermal Conductivity Of Mono And Hybrid Systems Of Graphene And Fmwcnt Nanolubricant, Colloids Surf A Physicochem Eng Asp, 648, (2022)"
PUB000006,104,Bai X.
PUB000006,105,Jiang J.
PUB000006,106,Li C.
PUB000006,107,Dong L.
PUB000006,108,Ali H.M.
PUB000006,109,"Sharma S., Tribological Performance Of Different Concentrations Of Al2O3 Nanofluids On Minimum Quantity Lubrication Milling, Chinese Journal Of Mechanical Engineering (English Edition), 36, 1, (2023)"
PUB000006,110,Elshaer R.N.
PUB000006,111,"Ibrahim K.M., Effect Of Cold Deformation And Heat Treatment On Microstructure And Mechanical Properties Of Tc21 Ti Alloy, Transactions Of Nonferrous Metals Society Of China (English Edition), 30, 5, Pp. 1290-1299, (2020)"
PUB000006,112,Puspitasari P.
PUB000006,113,Permanasari A.A.
PUB000006,114,Chua Abdullah M.I.H.
PUB000006,115,Pramono D.D.
PUB000006,116,"Silaban O.J., Tribology Characteristic Of Ball Bearing Skf Rb-12.7/G20W Using Sae 5W-30 Lubricant With Carbon-Based Nanomaterial Addition, Tribology In Industry, 45, 4, Pp. 664-675, (2023)"
PUB000006,117,Pramono D.D.
PUB000006,118,"Puspitasari P., Comparison Of Physicochemical Properties Of Hydroxyapatite From Scallop Shell Synthesized By Wet Chemical Method With And Without Sonication Process, Proceedings Of The International Conference On Green Engineering & Technology 2022 (Icongetech 2022), (2024)"
PUB000006,119,Trihutomo P.
PUB000006,120,Puspitasari P.
PUB000006,121,Radja M.B.
PUB000006,122,"Busono M.R., Synthesis And Characterization Of Nitrogen-Doped Activated Carbon For Lithium Battery Anode Applications, Journal Of Mechanical Engineering Science And Technology (Jmest), 7, 1, (2023)"
PUB000006,123,Pramono D.D.
PUB000006,124,Puspitasari P.
PUB000006,125,Permanasari A.A.
PUB000006,126,Sukarni S.
PUB000006,127,"Wahyudiono A., Effect Of Sintering Time On Porosity And Compressibility Of Calcium Carbonate From Amusium Pleuronectes (Scallop Shell), Aip Conference Proceedings, (2023)"
PUB000006,128,Pramono D.D.
PUB000006,129,Puspitasari P.
PUB000006,130,Suryanto H.
PUB000006,131,Zakaria Y.
PUB000006,132,"Ghazali M.J., Synergistic Effects Of Sonication Duration And Calcination Temperature On The Structural, Physicochemical And Bioactivity Of Biogenic Nano-Hydroxyapatite From Scallop Shells For Bone Repair Applications, Mater Chem Phys, 348, (2026)"
PUB000006,133,Gupta M.
PUB000006,134,Singh V.
PUB000006,135,Kumar R.
PUB000006,136,"Said Z., A Review On Thermophysical Properties Of Nanofluids And Heat Transfer Applications, Renewable And Sustainable Energy Reviews, 74, February, Pp. 638-670, (2017)"
PUB000006,137,Puspitasari P.
PUB000006,138,Pramono D.D.
PUB000006,139,Fiansyah D.N.
PUB000006,140,Permanasari A.A.
PUB000006,141,Mufti N.
PUB000006,142,"Razak J.A., Biodiesel Production From Waste Cooking Oil Using Calcium Oxide Derived From Scallop Shell Waste, Clean Energy, 8, 2, Pp. 113-126, (2024)"
PUB000006,143,Sajid M.U.
PUB000006,144,"Ali H.M., Thermal Conductivity Of Hybrid Nanofluids: A Critical Review, Int J Heat Mass Transf, 126, Pp. 211-234, (2018)"
PUB000006,145,"Bhattad A., Review On Viscosity Measurement: Devices, Methods And Models, J Therm Anal Calorim, 148, 14, Pp. 6527-6543, (2023)"
PUB000006,146,Pownraj C.
PUB000006,147,"Arasu A.V., Effect Of Dispersing Single And Hybrid Nanoparticles On Tribological, Thermo-Physical, And Stability Characteristics Of Lubricants: A Review, J Therm Anal Calorim, 143, 2, Pp. 1773-1809, (2021)"
PUB000006,148,Sujith S.V.
PUB000006,149,Solanki A.K.
PUB000006,150,"Mulik R.S., Experimental Evaluation On Rheological Behavior Of Al2O3-Pure Coconut Oil Nanofluids, J Mol Liq, 286, (2019)"
PUB000006,151,Eltaggaz A.
PUB000006,152,Ali S.
PUB000006,153,Badwal K.
PUB000006,154,"Deiab I., Influence Of Nanoparticle Concentration In Nanofluid Mql On Cutting Forces, Tool Wear, Chip Morphology When Milling Of Inconel 718, The International Journal Of Advanced Manufacturing Technology, 129, 3-4, Pp. 1787-1800, (2023)"
PUB000006,155,Makhesana M.A.
PUB000006,156,Patel K.M.
PUB000006,157,"Bagga P.J., Evaluation Of Surface Roughness, Tool Wear And Chip Morphology During Machining Of Nickel-Based Alloy Under Sustainable Hybrid Nanofluid-Mql Strategy, Lubricants, 10, 11, (2022)"
PUB000006,158,Riyanto M.D.
PUB000006,159,Andoko A.
PUB000006,160,"Suryanto H., Effect Of Current And Pulse-On Time On Material Removal Rate And Surface Roughness Of Tungsten Carbide In Electric Discharge Machine Die-Sinking, Journal Of Mechanical Engineering Science And Technology (Jmest), 7, 1, (2023)"
PUB000006,161,"Sharma G., J King Saud Univ Sci, (2017)"
PUB000006,162,Luna I.Z.
PUB000006,163,Hilary L.N.
PUB000006,164,Chowdhury A.M.S.
PUB000006,165,Gafur M.A.
PUB000006,166,Khan N.
PUB000006,167,"Khan R.A., Preparation And Characterization Of Copper Oxide Nanoparticles Synthesized Via Chemical Precipitation Method, Oalib, 2, 3, Pp. 1-8, (2015)"
PUB000006,168,Ebrahim S.A.
PUB000006,169,Pradeep E.
PUB000006,170,Mukherjee S.
PUB000006,171,"Ali N., Rheological Behavior Of Dilute Graphene-Water Nanofluids Using Various Surfactants: An Experimental Evaluation, J Mol Liq, 370, (2023)"
PUB000006,172,Singh S.
PUB000006,173,Srivastava V.K.
PUB000006,174,"Prakash R., Influences Of Carbon Nanofillers On Mechanical Performance Of Epoxy Resin Polymer, Appl Nanosci, 5, 3, Pp. 305-313, (2015)"
PUB000006,175,"Carotenuto G., Mechanical Properties Of Low-Density Polyethylene Filled By Graphite Nanoplatelets, Nanotechnology, 23, 48, (2012)"
PUB000006,176,Zedan A.F.
PUB000006,177,Mohamed A.T.
PUB000006,178,El-Shall M.S.
PUB000006,179,Alqaradawi S.Y.
PUB000006,180,"Aljaber A.S., Tailoring The Reducibility And Catalytic Activity Of Cuo Nanoparticles For Low Temperature Co Oxidation, Rsc Adv, 8, 35, Pp. 19499-19511, (2018)"
PUB000006,181,Abdel-Rehim A.A.
PUB000006,182,Akl S.
PUB000006,183,"Elsoudy S., Investigation Of The Tribological Behavior Of Mineral Lubricant Using Copper Oxide Nano Additives, Lubricants, 9, 2, (2021)"
PUB000006,184,Low I.-M.
PUB000006,185,Albetran H.M.
PUB000006,186,"Degiorgio M., Structural Characterization Of Commercial Graphite And Graphene Materials, Journal Of Nanotechnology And Nanomaterials, 1, (2020)"
PUB000006,187,Suresh S.
PUB000006,188,Karthikeyan S.
PUB000006,189,"Jayamoorthy K., Ftir And Multivariate Analysis To Study The Effect Of Bulk And Nano Copper Oxide On Peanut Plant Leaves, Journal Of Science: Advanced Materials And Devices, 1, 3, Pp. 343-350, (2016)"
PUB000006,190,"Phang Y.K., Green Synthesis And Characterization Of Cuo Nanoparticles Derived From Papaya Peel Extract For The Photocatalytic Degradation Of Palm Oil Mill Effluent (Pome), Sustainability, 13, 2, Pp. 1-15, (2021)"
PUB000006,191,"Badetti E., Interaction Between Copper Oxide Nanoparticles And Amino Acids: Influence On The Antibacterial Activity, Nanomaterials, 9, 5, (2019)"
PUB000006,192,El-Trass A.
PUB000006,193,Elshamy H.
PUB000006,194,El-Mehasseb I.
PUB000006,195,"El-Kemary M., Cuo Nanoparticles: Synthesis, Characterization, Optical Properties And Interaction With Amino Acids, Appl Surf Sci, 258, 7, Pp. 2997-3001, (2012)"
PUB000006,196,Rahman A.
PUB000006,197,Ismail A.
PUB000006,198,Jumbianti D.
PUB000006,199,Magdalena S.
PUB000006,200,"Sudrajat H., Synthesis Of Copper Oxide Nano Particles By Using Phormidium Cyanobacterium, Indonesian Journal Of Chemistry, 9, 3, Pp. 355-360, (2010)"
PUB000006,201,Paydayesh A.
PUB000006,202,Pashaei Soorbaghi F.
PUB000006,203,Aref Azar A.
PUB000006,204,"Jalali-Arani A., Electrical Conductivity Of Graphene Filled Pla/Pmma Blends: Experimental Investigation And Modeling, Polym Compos, 40, 2, Pp. 704-715, (2019)"
PUB000006,205,"Solangi K.H., Experimental Investigation Of Heat Transfer Performance And Frictional Loss Of Functionalized Gnp-Based Water Coolant In A Closed Conduit Flow, Rsc Adv, 6, 6, Pp. 4552-4563, (2016)"
PUB000006,206,"Song Y., Enhancing The Thermal, Electrical, And Mechanical Properties Of Silicone Rubber By Addition Of Graphene Nanoplatelets, Mater Des, 88, Pp. 950-957, (2015)"
PUB000006,207,Ratih D.
PUB000006,208,Siburian R.
PUB000006,209,"Andriayani, The Performance Of Graphite/N-Graphene And Graphene/N-Graphene As Electrode In Primary Cell Batteries, Rasayan Journal Of Chemistry, 11, 4, Pp. 1649-1656, (2018)"
PUB000006,210,"Lamichhane P., Thermal Stability And Optoelectronic Behavior Of Polyaniline/Gnp (Graphene Nanoplatelets) Nanocomposites, (2022)"
PUB000006,211,"Puspitasari P., Experimental Evaluation Of Biolubricant With Additive Nanoparticle Calcium Carbonate (Caco3) From Scallop Shell Waste As Cutting Fluids Using Minimum Quantity Lubrication (Mql) In Cnc Milling Process, Fme Transactions, 52, 2, Pp. 319-334, (2024)"
PUB000006,212,Ridwan R.M.
PUB000006,213,"Pamungkas G.P., Prototipe Densitometer Berdasarkan Perbedaan Gaya Buoyancy Berbasis Sensor Piezoresistif Dan Sensor Infra-Red Thermometer, Jurnal Otomasi Kontrol Dan Instrumentasi, 9, 1, (2018)"
PUB000006,214,Azman N.F.
PUB000006,215,Samion S.
PUB000006,216,Moen M.A.A.
PUB000006,217,Hamid M.K.A.
PUB000006,218,"Musa M.N., The Anti-Wear And Extreme Pressure Performance Of Cuo And Graphite Nanoparticles As An Additive In Palm Oil, International Journal Of Structural Integrity, 10, 5, Pp. 714-725, (2019)"
PUB000006,219,Belli A.
PUB000006,220,Mobili A.
PUB000006,221,Bellezze T.
PUB000006,222,Tittarelli F.
PUB000006,223,"Cachim P., Evaluating The Self-Sensing Ability Of Cement Mortars Manufactured With Graphene Nanoplatelets, Virgin Or Recycled Carbon Fibers Through Piezoresistivity Tests, Sustainability, 10, 11, (2018)"
PUB000006,224,Larson R.G.
PUB000006,225,"Wei Y., A Review Of Thixotropy And Its Rheological Modeling, J Rheol (N Y N Y), 63, 3, Pp. 477-501, (2019)"
PUB000006,226,Sanukrishna S.S.
PUB000006,227,Vishnu S.
PUB000006,228,"Jose Prakash M., Experimental Investigation On Thermal And Rheological Behaviour Of Pag Lubricant Modified With Sio 2 Nanoparticles, J Mol Liq, 261, Pp. 411-422, (2018)"
PUB000006,229,George Catalin C.
PUB000006,230,Alexandru R.
PUB000006,231,Constantin G.
PUB000006,232,Irina R.
PUB000006,233,"Lorena D., Influence Of Additive Concentration In Soybean Oil On Rheological And Tribological Behavior, Incas Bulletin, 10, 4, Pp. 35-43, (2018)"
PUB000006,234,Bi Y.G.
PUB000006,235,"He H.C., Preparation Of Biodiesel From Soybean Oil By Ultrasound-Assisted Transesterification, Adv Mat Res, 773, Pp. 188-192, (2013)"
PUB000006,236,"Wang B., Thermal Conductivity And Mechanical Properties Enhancement Of Cf / Ppbesk Thermoplastic Composites By Introducing Graphene, Polym Compos, 43, 5, Pp. 2736-2745, (2022)"
PUB000006,237,Danial W.H.
PUB000006,238,"Abdul Majid Z., Recent Advances On The Enhanced Thermal Conductivity Of Graphene Nanoplatelets Composites: A Short Review, Carbon Letters, 32, 6, Pp. 1411-1424, (2022)"
PUB000006,239,Ramesh K.
PUB000006,240,Mebarek-Oudina F.
PUB000006,241,"Souayeh B., Mathematical Modelling Of Fluid Dynamics And Nanofluids, (2023)"
PUB000006,242,Rajaganapathy C.
PUB000006,243,Vasudevan D.
PUB000006,244,"Murugapoopathi S., Tribological And Rheological Properties Of Palm And Brassica Oil With Inclusion Of Cuo And Tio2 Additives, Mater Today Proc, 37, Pp. 207-213, (2020)"
PUB000006,245,Rahmadiawan D.
PUB000006,246,Aslfattahi N.
PUB000006,247,Nasruddin N.
PUB000006,248,Saidur R.
PUB000006,249,Arifutzzaman A.
PUB000006,250,"Mohammed H.A., Mxene Based Palm Oil Methyl Ester As An Effective Heat Transfer Fluid"
PUB000006,251,Seyhan M.
PUB000006,252,Altan C.L.
PUB000006,253,Gurten B.
PUB000006,254,"Bucak S., The Effect Of Functionalized Silver Nanoparticles Over The Thermal Conductivity Of Base Fluids, Aip Adv, 7, 4, (2017)"
PUB000006,255,Hekmatipour F.
PUB000006,256,Akhavan-Behabadi M.A.
PUB000006,257,Sajadi B.
PUB000006,258,"Fakoor-Pakdaman M., Mixed Convection Heat Transfer And Pressure Drop Characteristics Of The Copper Oxide-Heat Transfer Oil (Cuo-Hto) Nanofluid In Vertical Tube, Case Studies In Thermal Engineering, 10, Pp. 532-540, (2017)"
PUB000006,259,Chen Y.
PUB000006,260,Renner P.
PUB000006,261,"Liang H., Dispersion Of Nanoparticles In Lubricating Oil: A Critical Review, Lubricants, 7, 1, (2019)"
PUB000006,262,Mello V.S.
PUB000006,263,Faria E.A.
PUB000006,264,Alves S.M.
PUB000006,265,"Scandian C., Enhancing Cuo Nanolubricant Performance Using Dispersing Agents, Tribol Int, 150, (2020)"
PUB000006,266,Michaelides E.E.
PUB000006,267,"Feng Z., Review—Drag Coefficients Of Non-Spherical And Irregularly Shaped Particles, J Fluids Eng, 145, 6, (2023)"
PUB000006,268,George H.F.
PUB000006,269,"Qureshi F., Newton’S Law Of Viscosity, Newtonian And Non-Newtonian Fluids, Encyclopedia Of Tribology, Pp. 2416-2420, (2013)"
PUB000006,270,Pal A.
PUB000006,271,Chatha S.S.
PUB000006,272,"Sidhu H.S., Assessing The Lubrication Performance Of Various Vegetable Oil-Based Nano-Cutting Fluids Via Eco-Friendly Mql Technique In Drilling Of Aisi 321 Stainless Steel, Journal Of The Brazilian Society Of Mechanical Sciences And Engineering, 44, 4, Pp. 1-26, (2022)"
PUB000006,273,Babu M.N.
PUB000006,274,Anandan V.
PUB000006,275,Yildirim C.V.
PUB000006,276,Babu M.D.
PUB000006,277,"Sarikaya M., Investigation Of The Characteristic Properties Of Graphene-Based Nanofluid And Its Effect On The Turning Performance Of Hastelloy C276 Alloy, Wear, 510-511, (2022)"
PUB000006,278,Li M.
PUB000006,279,Yu T.
PUB000006,280,Zhang R.
PUB000006,281,Yang L.
PUB000006,282,Li H.
PUB000006,283,"Wang W., Mql Milling Of Tc4 Alloy By Dispersing Graphene Into Vegetable Oil-Based Cutting Fluid, International Journal Of Advanced Manufacturing Technology, 99, 5-8, Pp. 1735-1753, (2018)"
PUB000006,284,Khatai S.
PUB000006,285,Kumar R.
PUB000006,286,Sahoo A.K.
PUB000006,287,"Panda A., Investigation On Tool Wear And Chip Morphology In Hard Turning Of En 31 Steel Using Altin-Pvd Coated Carbide Cutting Tool, Mater Today Proc, 59, Pp. 1810-1816, (2022)"
PUB000006,288,Gasni D.
PUB000006,289,Rahmadiawan D.
PUB000006,290,Irwansyah R.
PUB000006,291,"Khalid A.E., Composite Of Carboxymethyl Cellulose/Mxene And Span 60 As Additives To Enhance Tribological Properties Of Bio-Lubricants, Lubricants, 12, 3, (2024)"
PUB000006,292,"Cui X., Tribological Properties Under The Grinding Wheel And Workpiece Interface By Using Graphene Nanofluid Lubricant, The International Journal Of Advanced Manufacturing Technology, 104, 9-12, Pp. 3943-3958, (2019)"
PUB000006,293,"Rahmadiawan D., Exploring The Tribological Properties And Wear Morphology Of High-Temperature Mxene/Cmc Nanofluid As A High-Performance And Environmentally Lubricant, (2025)"
PUB000006,294,Huang J.
PUB000006,295,Tan J.
PUB000006,296,Fang H.
PUB000006,297,Gong F.
PUB000006,298,"Wang J., Tribological And Wear Performances Of Graphene-Oil Nanofluid Under Industrial High-Speed Rotation, Tribol Int, 135, March, Pp. 112-120, (2019)"
PUB000006,299,Wang B.
PUB000006,300,Yang Q.
PUB000006,301,Deng J.
PUB000006,302,Hou N.
PUB000006,303,Wang X.
PUB000006,304,"Wang M., Effect Of Graphene Nanoparticles And Sulfurized Additives To Mql For The Machining Of Ti-6Al-4 V, The International Journal Of Advanced Manufacturing Technology, 119, 5-6, Pp. 2911-2921, (2022)"
PUB000006,305,"Gulzar M., Improving The Aw/Ep Ability Of Chemically Modified Palm Oil By Adding Cuo And Mos2 Nanoparticles, Tribol Int, 88, Pp. 271-279, (2015)"
PUB000006,306,Pena-Paras L.
PUB000006,307,Maldonado-Cortes D.
PUB000006,308,Rodriguez-Villalobos M.
PUB000006,309,Romero-Cantu A.G.
PUB000006,310,"Montemayor O.E., Enhancing Tool Life, And Reducing Power Consumption And Surface Roughness In Milling Processes By Nanolubricants And Laser Surface Texturing, J Clean Prod, 253, (2020)"
PUB000006,311,"Hu S., Nanoparticle-Enhanced Coolants In Machining: Mechanism, Application, And Prospects, Frontiers Of Mechanical Engineering, 18, 4, (2023)"
PUB000006,312,Celik M.
PUB000006,313,Cakir Sencan A.
PUB000006,314,Sirin S.
PUB000006,315,Erdogan B.
PUB000006,316,"Sencan C., Effect Of Hbn And Sds Added Vegetable Based Cutting Fluid Application On The Performance Of Turning Ti6Al4V Alloys: A Comparative Analysis With Taguchi And Ann Approaches, Mater Chem Phys, 322, (2024)"
PUB000006,317,Safiei W.
PUB000006,318,Rahman M.M.
PUB000006,319,Yusoff A.R.
PUB000006,320,Arifin M.N.
PUB000006,321,"Tasnim W., Effects Of Sio2-Al2O3-Zro2 Tri-Hybrid Nanofluids On Surface Roughness And Cutting Temperature In End Milling Process Of Aluminum Alloy 6061-T6 Using Uncoated And Coated Cutting Inserts With Minimal Quantity Lubricant Method, Arab J Sci Eng, 46, 8, Pp. 7699-7718, (2021)"
PUB000006,322,Kouam J.
PUB000006,323,Songmene V.
PUB000006,324,Balazinski M.
PUB000006,325,"Hendrick P., Effects Of Minimum Quantity Lubricating (Mql) Conditions On Machining Of 7075-T6 Aluminum Alloy, The International Journal Of Advanced Manufacturing Technology, 79, 5-8, Pp. 1325-1334, (2015)"
PUB000006,326,Gunay M.
PUB000006,327,"Korkmaz M.E., Understanding The Relationship Between Surface Quality And Chip Morphology Under Sustainable Cutting Environments, Materials, 17, 8, (2024)"
PUB000006,328,Roushan A.
PUB000006,329,Rao U.S.
PUB000006,330,Sahoo P.
PUB000006,331,Patra K.
PUB000006,332,"Rawat S.S., Wear Behavior Of Altin Coated Wc Tools In Micromilling Of Ti6Al4V Alloy Using Vegetable Oil-Based Nanofluids, Tribol Int, 188, (2023)"
PUB000006,333,Singh R.
PUB000006,334,Dureja J.S.
PUB000006,335,Dogra M.
PUB000006,336,Gupta M.K.
PUB000006,337,"Mia M., Influence Of Graphene-Enriched Nanofluids And Textured Tool On Machining Behavior Of Ti-6Al-4V Alloy, The International Journal Of Advanced Manufacturing Technology, 105, 1-4, Pp. 1685-1697, (2019)"
PUB000006,338,"Abidi Y., Relationship Between Surface Roughness And Chip Morphology When Turning Hardened Steel, Production Engineering Archives, 26, 3, Pp. 92-98, (2020)"
PUB000006,339,Vishal R.
PUB000006,340,Ross K.N.S.
PUB000006,341,Manimaran G.
PUB000006,342,"Gnanavel B.K., Impact On Machining Of Aisi H13 Steel Using Coated Carbide Tool Under Vegetable Oil Minimum Quantity Lubrication, Mater Perform Charact, 8, 1, Pp. 527-537, (2019)"
PUB000006,343,Chen S.-H.
PUB000006,344,"Gao M.-S., The Study Of Chip Characteristics And Tool Wear In Milling Of Skd61 Mold Steel, Journal Of Mechanical Science And Technology, 36, 6, Pp. 2817-2824, (2022)"
PUB000006,345,Ibrahim A.M.M.
PUB000006,346,Li W.
PUB000006,347,Xiao H.
PUB000006,348,Zeng Z.
PUB000006,349,Ren Y.
PUB000006,350,"Alsoufi M.S., Energy Conservation And Environmental Sustainability During Grinding Operation Of Ti–6Al–4V Alloys Via Eco-Friendly Oil/Graphene Nano Additive And Minimum Quantity Lubrication, Tribol Int, 150, (2020)"
PUB000006,351,Puspitasari P.
PUB000006,352,Permanasari A.A.
PUB000006,353,Lubis A.M.H.S.
PUB000006,354,Ardiansyah M.Z.
PUB000006,355,Pramono D.D.
PUB000006,356,"Chua Abdullah M.I.H., Thermophysical, Rheological And Tribological Properties Of Palm Oil With Hybrid Cuo/Mwcnt Additive Nanoparticles As Cutting Fluid On Cnc Machining, Jurnal Tribologi, 9, 2, Pp. 268-293, (2025)"
PUB000006,357,"Abdiyar M.A., Enhanced Tribological Performance Of Canola Oil-Based Nano-Cutting Fluids With Hexagonal Boron Nitride (H-Bn) Nanoparticle Additives Under The Minimum Quantity Lubrication (Mql) Method, Malaysian Journal On Composites Science And Manufacturing, 17, 1, Pp. 1-20, (2025)"
PUB000007,1,Zhang G.
PUB000007,2,Chang F.
PUB000007,3,Jin J.
PUB000007,4,Yang F.
PUB000007,5,"Huang H., Multi-Objective Deep Reinforcement Learning Approach For Adaptive Traffic Signal Control System With Concurrent Optimization Of Safety, Efficiency, And Decarbonization At Intersections, Accident Analysis & Prevention, 199, (2024)"
PUB000007,6,Zhou Z.
PUB000007,7,Zhang Y.
PUB000007,8,"Li X., A Deep Reinforcement Learning Model For Large-Scale Traffic Signal Control Based On Graph Metalearning Using Local Subgraphs, Sci. China Inf. Sci., 68, 7, (2025)"
PUB000007,9,Fang J.
PUB000007,10,You Y.
PUB000007,11,Xu M.
PUB000007,12,Wang J.
PUB000007,13,"Cai S., Multi-Objective Traffic Signal Control Using Network-Wide Agent Coordinated Reinforcement Learning, Expert Systems With Applications, 229, (2023)"
PUB000007,14,Ding N.
PUB000007,15,Ma Z.
PUB000007,16,Lu Z.
PUB000007,17,"Wan C., Multi-Objective Adaptive Traffic Signal Control Using Fuzzy Control And Q-Learning, Proc. Of 2024 12Th International Conference On Traffic And Logistic Engineering (Ictle), Pp. 57-62, (2024)"
PUB000007,18,Long Q.
PUB000007,19,Zhang J.-F.
PUB000007,20,"Zhou Z.-M., Multi-Objective Traffic Signal Control Model For Traffic Management, Transportation Letters, 7, 4, Pp. 196-200, (2015)"
PUB000007,21,Schumacher M.
PUB000007,22,Adriano C.M.
PUB000007,23,"Giese H., Challenges In Reward Design For Reinforcement Learning-Based Traffic Signal Control: An Investigation Using A Co2 Emission Objective, Proc. Of Sumo Conference Proceedings, 4, Pp. 131-151, (2023)"
PUB000007,24,Zhao H.
PUB000007,25,Dong C.
PUB000007,26,Cao J.
PUB000007,27,"Chen Q., A Survey On Deep Reinforcement Learning Approaches For Traffic Signal Control, Engineering Applications Of Artificial Intelligence, 133, (2024)"
PUB000007,28,Ibrahim S.
PUB000007,29,Mostafa M.
PUB000007,30,Jnadi A.
PUB000007,31,Salloum H.
PUB000007,32,"Osinenko P., Comprehensive Overview Of Reward Engineering And Shaping In Advancing Reinforcement Learning Applications, Ieee Access, (2024)"
PUB000007,33,Van Hasselt H.
PUB000007,34,Guez A.
PUB000007,35,"Silver D., Deep Reinforcement Learning With Double Q-Learning, Proc. Of 30Th Aaai Conf. Artif. Intell. (Aaai-16), Pp. 2094-2100, (2016)"
PUB000007,36,Cederle M.
PUB000007,37,Fabris M.
PUB000007,38,"Susto G.A., A Fairness-Oriented Multi-Objective Reinforcement Learning Approach For Autonomous Intersection Management, Proc. Of 7Th Ifac Conf. Intelligent Control And Automation Sciences (Icons 2025), (2025)"
PUB000007,39,Zhu M.
PUB000007,40,Liu X.-Y.
PUB000007,41,Borst S.
PUB000007,42,"Walid A., Deep Reinforcement Learning For Traffic Light Control In Intelligent Transportation Systems, Ieee Trans. Netw. Sci. Eng., (2025)"
PUB000007,43,Gao J.
PUB000007,44,Shen Y.
PUB000007,45,Liu J.
PUB000007,46,Ito M.
PUB000007,47,"Shiratori N., Adaptive Traffic Signal Control: Deep Reinforcement Learning Algorithm With Experience Replay And Target Network, Proc. Of Int. Joint Conf. Neural Netw. (Ijcnn), Anchorage, Pp. 2148-2155, (2017)"
PUB000007,48,Phan T.C.
PUB000007,49,Le V.D.
PUB000007,50,"Nguyen T., Application Of Dueling Double Deep Q-Network For Dynamic Traffic Signal Optimization: A Case Study In Danang City, Vietnam, Machine Learning And Knowledge Extraction, 7, 3, (2025)"
PUB000007,51,Nguyen D.V.A.
PUB000007,52,Azevedo C.L.
PUB000007,53,Toledo T.
PUB000007,54,"Rodrigues F., Robustness Of Reinforcement Learning-Based Traffic Signal Control Under Incidents: A Comparative Study, (2025)"
PUB000007,55,Michailidis P.
PUB000007,56,Michailidis I.
PUB000007,57,Lazaridis C.R.
PUB000007,58,"Kosmatopoulos E., Traffic Signal Control Via Reinforcement Learning: A Review On Applications And Innovations, Infrastructures, 10, 5, (2025)"
PUB000007,59,Freitag K.
PUB000007,60,Ceder K.
PUB000007,61,Laezza R.
PUB000007,62,Akesson K.
PUB000007,63,"Chehreghani M.H., Curriculum Reinforcement Learning For Complex Reward Functions, Proc. Of 18Th European Workshop On Reinforcement Learning (Ewrl 2025), (2025)"
PUB000007,64,Muresan M.
PUB000007,65,Fu L.
PUB000007,66,"Pan G., Adaptive Traffic Signal Control With Deep Reinforcement Learning An Exploratory Investigation, (2019)"
PUB000007,67,Rasheed F.
PUB000007,68,Yau K.-L. A.
PUB000007,69,"Md R., Noor, C. Wu, And Y.-C. Low, “Deep Reinforcement Learning For Traffic Signal Control: A Review”, Ieee Access, 8, Pp. 208016-208044, (2020)"
PUB000007,70,Xiao F.
PUB000007,71,Lu J.
PUB000007,72,Li L.
PUB000007,73,Tu W.
PUB000007,74,"Li C., Advances In Reinforcement Learning For Traffic Signal Control: A Review Of Recent Progress, Intell. Transport. Infrastruct., 4, (2025)"
PUB000007,75,Jiang H.
PUB000007,76,Zhang H.
PUB000007,77,Feng Z.
PUB000007,78,Zhang J.
PUB000007,79,Qian Y.
PUB000007,80,"Wang B., A Multi-Objective Optimal Control Method For Navigating Connected And Automated Vehicles At Signalized Intersections Based On Reinforcement Learning, Applied Sciences, 14, 7, (2024)"
PUB000007,81,"Li Y., Multi-Agent Reinforcement Learning-Based Signal Planning For Resisting Congestion Attack In Green Transportation, Ieee Transactions On Green Communications And Networking, 6, (2022)"
PUB000007,82,Ma J.
PUB000007,83,"Wu F., Feudal Multi-Agent Deep Reinforcement Learning For Traffic Signal Control, Proc. Of 19Th Int. Conf. Autonomous Agents And Multiagent Systems (Aamas 2020), (2020)"
PUB000007,84,Kim D.H.
PUB000007,85,Kim J.H.
PUB000007,86,"Jeong O.R., A Study On The Traffic Signal Control Using The Extended Deep Q Network, Icic International, 8, (2020)"
PUB000007,87,Khamis M.A.
PUB000007,88,"Gomaa W., Adaptive Multi Objective Reinforcement Learning With Hybrid Exploration For Traffic Signal Control Based On Cooperative Multi-Agent Framework, Engineering Applications Of Artificial Intelligence, 29, Pp. 134-151, (2014)"
PUB000007,89,Naser Z.S.
PUB000007,90,Marouane H.
PUB000007,91,"Fakhfakh A., Multi-Object-Based Efficient Traffic Signal Optimization Framework Via Traffic Flow Analysis And Intensity Estimation Using Ucb-Mrl-Csfl, Vehicles, 7, 3, (2025)"
PUB000007,92,Huang P.
PUB000007,93,Wang P.
PUB000007,94,Li X.
PUB000007,95,Jin X.
PUB000007,96,"Yao S., Adaptive Distributed Training For Multi-Agent Reinforcement Learning In Multi-Objective Traffic Signal Control, Social Science Research Network, (2025)"
PUB000007,97,Mirbakhsh S.
PUB000007,98,"Azizi M., Adaptive Traffic Signal Safety And Efficiency Improvement By Multi-Objective Deep Reinforcement Learning Approach, Int. J. Innovative Res. Multidisciplinal Educ., 3, 7, Pp. 1245-1257, (2024)"
PUB000007,99,Mannion P.
PUB000007,100,Devlin S.
PUB000007,101,"Howley E., Reward Shaping For Knowledge-Based Multi-Objective Multi-Agent Reinforcement Learning, The Knowledge Engineering Review, 33, (2018)"
PUB000007,102,Cai C.
PUB000007,103,"Wei M., Adaptive Urban Traffic Signal Control Based On Enhanced Deep Reinforcement Learning, Sci Rep, 14, (2024)"
PUB000007,104,Gu J.
PUB000007,105,Fang Y.
PUB000007,106,Sheng Z.
PUB000007,107,"Wen P., Double Deep Q-Network With A Dual-Agent For Traffic Signal Control, Applied Sciences, 10, 5, (2020)"
PUB000007,108,Feng J.
PUB000007,109,Zhu H.
PUB000007,110,Tang K.
PUB000007,111,Han T.
PUB000007,112,"Tang Z., Intersection Dynamics-Aware Continuous Learning In Adaptive Traffic Signal Control Featuring Fast Startup And Adaptation, Proc. Of 2024 Ieee 27Th International Conference On Intelligent Transportation Systems (Itsc), Pp. 373-379, (2024)"
PUB000007,113,"Krajzewicz D., Traffic Simulation With Sumo-Simulation Of Urban Mobility, International Series In Operations Research And Management Science, 145, Pp. 269-293, (2010)"
PUB000007,114,"Lopez P.A., Microscopic Traffic Simulation Using Sumo, Proc. Of Ieee Conference On Intelligent Transportation Systems, Proceedings, Itsc, Pp. 2575-2582, (2018)"
PUB000007,115,Mossalam H.
PUB000007,116,Assael Y.M.
PUB000007,117,Roijers D.M.
PUB000007,118,"Whiteson S., Multi-Objective Deep Reinforcement Learning, (2016)"
PUB000008,1,"Adeleke B.S., 16S Rrna Gene Sequencing Data Of Plant Growth-Promoting Jute-Associated Endophytic And Rhizobacteria From Coastal-Environment Of Ondo State, Nigeria, Data In Brief, 54, (2024)"
PUB000008,2,Arellano-Wattenbarger G.L.
PUB000008,3,Cordoba-Agudelo M.
PUB000008,4,"Rocha J., Ancestral Roots: Exploring Microbial Communities In Traditional Agroecosystems For Sustainable Agriculture, Geoderma Regional, 41, (2025)"
PUB000008,5,Avellaneda-Torres L.M.
PUB000008,6,Pulido C.P.G.
PUB000008,7,"Torres-Rojas E., Assessment Of Cellulolytic Microorganisms In Soils Of Nevados Park, Colombia, Brazilian Journal Of Microbiology, 45, 4, Pp. 1211-1220, (2014)"
PUB000008,8,Battenberg K.
PUB000008,9,"Hayashi M., Evolution Of Root Nodule Symbiosis: Focusing On The Transcriptional Regulation From The Genomic Point Of View, Plant Biotechnology (Tokyo), 39, 1, Pp. 79-83, (2022)"
PUB000008,10,Bautista-Cruz A.
PUB000008,11,Aquino-Bolanos T.
PUB000008,12,Hernandez-Canseco J.
PUB000008,13,"Quinones-Aguilar E.E., Cellulolytic Aerobic Bacteria Isolated From Agricultural And Forest Soils: An Overview, Biology (Basel), 13, 2, (2024)"
PUB000008,14,Bertolo A.
PUB000008,15,Valido E.
PUB000008,16,"Stoyanov J., Optimized Bacterial Community Characterization Through Full-Length 16S Rrna Gene Sequencing Utilizing Minion Nanopore Technology, Bmc Microbiology, 24, 1, (2024)"
PUB000008,17,Bier R.L.
PUB000008,18,Daniels M.
PUB000008,19,Oviedo-Vargas D.
PUB000008,20,Peipoch M.
PUB000008,21,Price J.R.
PUB000008,22,Omondi E.
PUB000008,23,Smith A.
PUB000008,24,"Kan J., Agricultural Soil Microbiomes Differentiate In Soil Profiles With Fertility Source, Tillage, And Cover Crops, Agriculture, Ecosystems & Environment, 368, (2024)"
PUB000008,25,Chauhan P.
PUB000008,26,Sharma N.
PUB000008,27,Tapwal A.
PUB000008,28,Kumar A.
PUB000008,29,Verma G.S.
PUB000008,30,Meena M.
PUB000008,31,Seth C.S.
PUB000008,32,"Swapnil P., Soil Microbiome: Diversity, Benefits And Interactions With Plants, Sustainability, 15, 19, (2023)"
PUB000008,33,Chouyia F.E.
PUB000008,34,Ventorino V.
PUB000008,35,"Pepe O., Diversity, Mechanisms And Beneficial Features Of Phosphate-Solubilizing Streptomyces In Sustainable Agriculture: A Review, Frontiers In Plant Science, 13, (2022)"
PUB000008,36,Daniel A.I.
PUB000008,37,Fadaka A.O.
PUB000008,38,Gokul A.
PUB000008,39,Bakare O.O.
PUB000008,40,Aina O.
PUB000008,41,Fisher S.
PUB000008,42,Burt A. F.
PUB000008,43,Mavumengwana V.
PUB000008,44,Keyster M.
PUB000008,45,"Klein A., Biofertilizer: The Future Of Food Security And Food Safety, Microorganisms, 10, 6, (2022)"
PUB000008,46,Das P.P.
PUB000008,47,Singh K.R.B.
PUB000008,48,Nagpure G.
PUB000008,49,Mansoori A.
PUB000008,50,Singh R.P.
PUB000008,51,Ghazi I.A.
PUB000008,52,Kumar A.
PUB000008,53,"Singh J., Plant-Soil-Microbes: A Tripartite Interaction For Nutrient Acquisition And Better Plant Growth For Sustainable Agricultural Practices, Environmental Research, 214, (2022)"
PUB000008,54,Donald L.
PUB000008,55,Pipite A.
PUB000008,56,Subramani R.
PUB000008,57,Owen J.
PUB000008,58,Keyzers R.A.
PUB000008,59,"Taufa T., Streptomyces: Still The Biggest Producer Of New Natural Secondary Metabolites, A Current Perspective, Microbiology Research, 13, 3, Pp. 418-465, (2022)"
PUB000008,60,Ejaz U.
PUB000008,61,Sohail M.
PUB000008,62,"Ghanemi A., Cellulases: From Bioactivity To A Variety Of Industrial Applications, Biomimetics (Basel), 6, 3, (2021)"
PUB000008,63,Etesami H.
PUB000008,64,"Glick B.R., Bacterial Indole-3-Acetic Acid: A Key Regulator For Plant Growth, Plant-Microbe Interactions, And Agricultural Adaptive Resilience, Microbiological Research, 281, (2024)"
PUB000008,65,"Flater J.S., Understanding Soil Bacterial Communities For Sustainable Agriculture, (2020)"
PUB000008,66,Gang S.
PUB000008,67,Sharma S.
PUB000008,68,Saraf M.
PUB000008,69,Buck M.
PUB000008,70,"Schumacher J., Analysis Of Indole-3-Acetic Acid (Iaa) Production In Klebsiella By Lc-Ms/Ms And The Salkowski Method, Journal Of Food Legumes, 33, 3, Pp. 181-190, (2020)"
PUB000008,71,Ghorai P.
PUB000008,72,"Ghosh D., Screening And Isolation Of Potential Nitrogen-Fixing Enterobacter Sp. Gg1 From Mangrove Soil With Its Accelerated Impact On Green Chili Plant (Capsicum Frutescens L.) Growth Amelioration, Journal Of Applied Biology And Biotechnology, 11, 6, Pp. 193-201, (2023)"
PUB000008,73,Gomez-Godinez L.J.
PUB000008,74,Aguirre-Noyola J.L.
PUB000008,75,Martinez-Romero E.
PUB000008,76,Arteaga-Garibay R.I.
PUB000008,77,Ireta-Moreno J.
PUB000008,78,"Ruvalcaba-Gomez J.M., A Look At Plant-Growth-Promoting Bacteria, Plants (Basel), 12, 8, (2023)"
PUB000008,79,"Hackmann T.J., Setting New Boundaries Of 16S Rrna Gene Identity For Prokaryotic Taxonomy, International Journal Of Systematic And Evolutionary Microbiology, 75, 4, (2025)"
PUB000008,80,Hapsoh
PUB000008,81,Dini I.
PUB000008,82,Salbiah D.
PUB000008,83,"Syahputra R., The Growth Of Oil Palm Seeds (Elaeis Guineensis Jacq.) At Main Nursery Through Giving Biofertilizers Consortium Of Cellulolytic Bacteria, Asian Journal Of Applied Sciences, 9, 1, (2021)"
PUB000008,84,Kognou A.L.M.
PUB000008,85,Chio C.
PUB000008,86,Khatiwada J.R.
PUB000008,87,Shrestha S.
PUB000008,88,Chen X.
PUB000008,89,Han S.
PUB000008,90,Li H.
PUB000008,91,Jiang Z.-H.
PUB000008,92,Xu C.C.
PUB000008,93,"Qin W., Characterization Of Cellulose-Degrading Bacteria Isolated From Soil And The Optimization Of Their Culture Conditions For Cellulase Production, Applied Biochemistry And Biotechnology, 194, 11, Pp. 5060-5082, (2022)"
PUB000008,94,Lata D.L.
PUB000008,95,Abdie O.
PUB000008,96,"Rezene Y., Iaa-Producing Bacteria From The Rhizosphere Of Chickpea (Cicer Arietinum L.): Isolation, Characterization, And Their Effects On Plant Growth Performance, Heliyon, 10, 21, (2024)"
PUB000008,97,Liang B.
PUB000008,98,Zhao Y.
PUB000008,99,"Yang J., Recent Advances In Developing Artificial Autotrophic Microorganism For Reinforcing Co₂ Fixation, Frontiers In Microbiology, 11, (2020)"
PUB000008,100,Lisdiyanti P.
PUB000008,101,Ratnakomala S.
PUB000008,102,Ridwan R.
PUB000008,103,Widyastuti Y.
PUB000008,104,Otoguro M.
PUB000008,105,"Katsuhiko A., Ecological Study Of Rare-Actinomycetes In Soils And Leaf-Litters, Annales Bogorienses, 15, 2, Pp. 31-36, (2011)"
PUB000008,106,Mal S.
PUB000008,107,"Panchal S., Drought And Salt Stress Mitigation In Crop Plants Using Stress-Tolerant Auxin-Producing Endophytic Bacteria: A Futuristic Approach Towards Sustainable Agriculture, Frontiers In Plant Science, 15, (2024)"
PUB000008,108,"Nautiyal C.S., An Efficient Microbiological Growth Medium For Screening Phosphate Solubilizing Microorganisms, Fems Microbiology Letters, 170, 1, Pp. 265-270, (1999)"
PUB000008,109,Nurhakiki
PUB000008,110,Rusmana I.
PUB000008,111,"Astuti R.I., Characteristics Of Nitrogen-Fixing Bacteria Isolated From The Rhizosphere At Kaolin Lake, Belitung, Indonesia, Hayati Journal Of Biosciences, 32, 3, Pp. 611-622, (2025)"
PUB000008,112,Pang F.
PUB000008,113,Li Q.
PUB000008,114,Solanki M.K.
PUB000008,115,Wang Z.
PUB000008,116,Xing Y.X.
PUB000008,117,"Dong D.F., Soil Phosphorus Transformation And Plant Uptake Driven By Phosphate-Solubilizing Microorganisms, Frontiers In Microbiology, 15, (2024)"
PUB000008,118,Pineda-Rodriguez Y.Y.
PUB000008,119,Pompelli M.F.
PUB000008,120,Jarma-Orozco A.
PUB000008,121,Rodriguez N.V.
PUB000008,122,"Rodriguez-Paez L.A., A New And Profitable Protocol To DNA Extraction In Limnospira Maxima, Methods And Protocols, 6, 4, (2023)"
PUB000008,123,Piotrowska-Dlugosz A.
PUB000008,124,Dlugosz J.
PUB000008,125,Frac M.
PUB000008,126,Gryta A.
PUB000008,127,"Breza-Boruta B., Enzymatic Activity And Functional Diversity Of Soil Microorganisms Along The Soil Profile – A Matter Of Soil Depth And Soil-Forming Processes, Geoderma, 416, (2022)"
PUB000008,128,Ramirez-Olea H.
PUB000008,129,Reyes-Ballesteros B.
PUB000008,130,"Chavez-Santoscoy R.A., Potential Application Of The Probiotic Bacillus Licheniformis As An Adjuvant In The Treatment Of Diseases In Humans And Animals: A Systematic Review, Frontiers In Microbiology, 13, (2022)"
PUB000008,131,Rawat P.
PUB000008,132,Das S.
PUB000008,133,Shankhdhar D.
PUB000008,134,"Shankhdhar S.C., Phosphate-Solubilizing Microorganisms: Mechanism And Their Role In Phosphate Solubilization And Uptake, Journal Of Soil Science And Plant Nutrition, 21, 1, Pp. 49-68, (2021)"
PUB000008,135,Rohmah N.S.
PUB000008,136,Suharjono
PUB000008,137,Jatmiko Y.D.
PUB000008,138,Siswanto D.
PUB000008,139,"Mustafa I., The Potency Of Endophytic Bacteria Isolated From Ficus Septica As Phytoremediation Promoting Agent Of Cr (Vi) Contaminated Soil, Biodiversitas, 21, 5, Pp. 1920-1927, (2020)"
PUB000008,140,Salsabila S.
PUB000008,141,"Nur Rahmawati H., Screening And Identification Of Free Nitrogen-Fixing Bacteria From Rhizosphere Of Mangrove Jenu, Tuban, Journal Of Bio-Molecule Research And Engineering, 1, 2, Pp. 55-65, (2022)"
PUB000008,142,Shi Z.
PUB000008,143,Guo X.
PUB000008,144,Lei Z.
PUB000008,145,Wang Y.
PUB000008,146,Yang Z.
PUB000008,147,Niu J.
PUB000008,148,"Liang J., Screening Of High-Efficiency Nitrogen-Fixing Bacteria From The Traditional Chinese Medicine Plant Astragalus Mongolicus And Its Effect On Plant Growth Promotion And Bacterial Communities In The Rhizosphere, Bmc Microbiology, 23, 1, (2023)"
PUB000008,149,Shomi F.Y.
PUB000008,150,Uddin M.B.
PUB000008,151,"Zerin T., Isolation And Characterization Of Nitrogen-Fixing Bacteria From Soil Sample In Dhaka, Bangladesh, Stamford Journal Of Microbiology, 11, 1, Pp. 11-13, (2021)"
PUB000008,152,Shoukat A.
PUB000008,153,Pitann B.
PUB000008,154,Zafar M.M.
PUB000008,155,Farooq M.A.
PUB000008,156,Haroon M.
PUB000008,157,Nawaz A.
PUB000008,158,Wahab S.W.
PUB000008,159,"Saqib Z.A., Nanotechnology For Climate Change Mitigation: Enhancing Plant Resilience Under Stress Environments, Journal Of Plant Nutrition And Soil Science, 187, 5, Pp. 604-620, (2024)"
PUB000008,160,Timofeeva A.
PUB000008,161,Galyamova M.
PUB000008,162,"Sedykh S., Prospects For Using Phosphate-Solubilizing Microorganisms As Natural Fertilizers In Agriculture, Plants, 11, 16, (2022)"
PUB000008,163,Versmessen N.
PUB000008,164,Van Simaey
PUB000008,165,Negash A.
PUB000008,166,Vandekerckhove M.
PUB000008,167,Hulpiau P.
PUB000008,168,Vaneechoutte M.
PUB000008,169,"Cools P., Comparison Of Denovix, Nanodrop And Qubit For DNA Quantification And Impurity Detection Of Bacterial DNA Extracts, Plos One, 19, 6, (2024)"
PUB000008,170,Zhang D.
PUB000008,171,Xu H.
PUB000008,172,Gao J.
PUB000008,173,Portieles R.
PUB000008,174,Du L.
PUB000008,175,Gao X.
PUB000008,176,Borroto Nordelo C.
PUB000008,177,"Borras-Hidalgo O., Endophytic Bacillus Altitudinis Strain Uses Different Novelty Molecular Pathways To Enhance Plant Growth, Frontiers In Microbiology, 12, (2021)"
PUB000008,178,Zhang N.
PUB000008,179,Wang Z.
PUB000008,180,Shao J.
PUB000008,181,Xu Z.
PUB000008,182,Liu Y.
PUB000008,183,Xun W.
PUB000008,184,Miao Y.
PUB000008,185,Shen Q.
PUB000008,186,"Zhang R., Biocontrol Mechanisms Of Bacillus: Improving The Efficiency Of Green Agriculture, Microbial Biotechnology, 16, 12, Pp. 2250-2263, (2023)"
PUB000008,187,Zhao Y.
PUB000008,188,Liu X.
PUB000008,189,Tong C.
PUB000008,190,"Wu Y., Effect Of Root Interaction On Nodulation And Nitrogen Fixation Ability Of Alfalfa In The Simulated Alfalfa/Triticale Intercropping In Pots, Scientific Reports, 10, 1, (2020)"
PUB000009,1,"Entrecomp: The Entrepreneurship Competence Framework, (2016)"
PUB000009,2,"Creswell J. W., Educational Research: Planning, Conducting, And Evaluating Quantitative And Qualitative Research (Fourth Indian Edition), (2013)"
PUB000009,3,"Creswell J. W., Research Design: Qualitative, Quantitative, And Mixed Methods Approaches, (2014)"
PUB000009,4,"Creswell J. W., Research Design: Qualitative, Quantitative, And Mixed Methods Approaches, (2014)"
PUB000009,5,Crompton H.
PUB000009,6,"Burke D., The Use Of Mobile Learning In Higher Education: A Systematic Review, Computers & Education, 123, Pp. 53-64, (2018)"
PUB000009,7,Dolasinski M. J.
PUB000009,8,"Reynolds J., Microlearning: A New Learning Model, Journal Of Hospitality & Tourism Research, 44, 3, Pp. 551-561, (2020)"
PUB000009,9,"El-Hmoudova D., Moocs Motivation And Communication In The Cyber Learning Environment, Procedia-Social And Behavioral Sciences, 131, Pp. 29-34, (2014)"
PUB000009,10,"El-Hmoudova D., Motivation And Communication In The Cyber Learning Environment, Procedia-Social And Behavioral Sciences, 191, Pp. 1618-1622, (2015)"
PUB000009,11,"Fidan M., The Effects Of Microlearning-Supported Flipped Classroom On Pre-Service Teachers’ Learning Performance, Motivation And Engagement, Education And Information Technologies, 28, 10, Pp. 12687-12714, (2023)"
PUB000009,12,Freeman S.
PUB000009,13,Eddy S. L.
PUB000009,14,Mcdonough M.
PUB000009,15,Smith M. K.
PUB000009,16,Okoroafor N.
PUB000009,17,Jordt H.
PUB000009,18,"Wenderoth M. P., Active Learning Increases Student Performance In Science, Engineering, And Mathematics, Proceedings Of The National Academy Of Sciences, 111, 23, Pp. 8410-8415, (2014)"
PUB000009,19,"Giurgiu L., Microlearning An Evolving Elearning Trend, Scientific Bulletin, 22, 1, Pp. 18-23, (2017)"
PUB000009,20,Hew K. F.
PUB000009,21,"Cheung W. S., Students’ And Instructors’ Use Of Massive Open Online Courses (Moocs): Motivations And Challenges, Educational Research Review, 12, Pp. 45-58, (2014)"
PUB000009,22,Khong H. K.
PUB000009,23,"Kabilan M. K., A Theoretical Model Of Micro-Learning For Second Language Instruction, Computer Assisted Language Learning, 35, 7, Pp. 1483-1506, (2022)"
PUB000009,24,Kizilcec R. F.
PUB000009,25,Perez-Sanagustin M.
PUB000009,26,"Maldonado J. J., Self-Regulated Learning Strategies Predict Learner Behavior And Goal Attainment In Massive Open Online Courses, Computers & Education, 104, Pp. 18-33, (2017)"
PUB000009,27,Koe W.-L.
PUB000009,28,Nordin N. M.
PUB000009,29,"Yeo B. L., The Effect Of Online Student Engagement On University Students’ Entrepreneurial Intention, Pp. 604-614, (2023)"
PUB000009,30,Kolb A. Y.
PUB000009,31,"Kolb D. A., Experiential Learning Theory As A Guide For Experiential Educators In Higher Education, Experiential Learning And Teaching In Higher Education, 1, 1, (2022)"
PUB000009,32,Lai J. W. M.
PUB000009,33,"Bower M., How Is The Use Of Technology In Education Evaluated? A Systematic Review, Computers & Education, 133, Pp. 27-42, (2019)"
PUB000009,34,"Leavy P., Research Design: Quantitative, Qualitative, Mixed Methods, Arts-Based And Community-Based Participatory Research Approaches, (2017)"
PUB000009,35,Lee R.
PUB000009,36,"Faulkner M., The Roles Of Extrinsic Factors In A Community Of Inquiry Model Of E-Learning, E-Learning And Digital Media, 8, 1, Pp. 58-67, (2011)"
PUB000009,37,Maddox L.
PUB000009,38,Patino A.
PUB000009,39,Kaltcheva V. D.
PUB000009,40,"Pitta D. A., Integration Of An Online Curriculum With A Real-World Exercise: A Step Beyond Traditional Classroom Teaching, Journal Of Advertising Education, 22, 1, Pp. 23-23, (2018)"
PUB000009,41,"Marinskaya A. P., Micro-Learning Efficiency For Foreign Language Teaching, Pp. 643-649, (2020)"
PUB000009,42,Means B.
PUB000009,43,Toyama Y.
PUB000009,44,Murphy R.
PUB000009,45,"Baki M., The Effectiveness Of Online And Blended Learning: A Meta-Analysis Of The Empirical Literature, Teachers College Record: The Voice Of Scholarship In Education, 115, 3, Pp. 1-47, (2013)"
PUB000009,46,Monib W. K.
PUB000009,47,Qazi A.
PUB000009,48,Apong R. A.
PUB000009,49,"Mahmud M. M., Investigating Learners’ Perceptions Of Microlearning: Factors Influencing Learning Outcomes, Ieee Access, (2024)"
PUB000009,50,Mwambe O.
PUB000009,51,"Kamioka E., Utilization Of Learners’ Metacognitive Experiences To Monitor Learners’ Cognition States In E-Learning Platforms, International Journal Of Information And Education Technology, 9, 5, Pp. 362-365, (2019)"
PUB000009,52,Nabi G.
PUB000009,53,Linan F.
PUB000009,54,Fayolle A.
PUB000009,55,Krueger N.
PUB000009,56,"Walmsley A., The Impact Of Entrepreneurship Education In Higher Education: A Systematic Review And Research Agenda, Academy Of Management Learning & Education, 16, 2, Pp. 277-299, (2017)"
PUB000009,57,"Nambisan S., Digital Entrepreneurship: Toward A Digital Technology Perspective Of Entrepreneurship, Entrepreneurship Theory And Practice, 41, 6, Pp. 1029-1055, (2017)"
PUB000009,58,Neck H. M.
PUB000009,59,"Corbett A. C., The Scholarship Of Teaching And Learning Entrepreneurship, Entrepreneurship Education And Pedagogy, 1, 1, Pp. 8-41, (2018)"
PUB000009,60,Nikou S. A.
PUB000009,61,"Economides A. A., Mobile‐Based Micro‐Learning And Assessment: Impact On Learning Performance And Motivation Of High School Students, Journal Of Computer Assisted Learning, 34, 3, Pp. 269-278, (2018)"
PUB000009,62,Nurhikmah
PUB000009,63,Febriati F.
PUB000009,64,"Ervianti E., The Impact Of Computer-Based Test And Students’ Ability In Computer Self—Efficacy On Mathematics Learning Outcomes, Journal Of Education Technology, 5, 4, (2021)"
PUB000009,65,Nurhikmah H.
PUB000009,66,Saman A.
PUB000009,67,Pattaufi Sujarwo
PUB000009,68,"Mawarni S., Blended Learning And Computers Self-Efficacy Towards Students Learning Outcomes, Proceedings Of The Unima International Conference On Social Sciences And Humanities (Unicssh 2022), 698, Pp. 106-114, (2023)"
PUB000009,69,"Picciano A. G., Theories And Frameworks For Online Education: Seeking An Integrated Model, A Guide To Administering Distance Learning, (2021)"
PUB000009,70,Pittaway L. A.
PUB000009,71,Gazzard J.
PUB000009,72,Shore A.
PUB000009,73,"Williamson T., Student Clubs: Experiences In Entrepreneurial Learning, Entrepreneurship & Regional Development, 27, 3–4, Pp. 127-153, (2015)"
PUB000009,74,Reich J.
PUB000009,75,"Ruiperez-Valiente J. A., The Mooc Pivot, Science, 363, 6423, Pp. 130-131, (2019)"
PUB000009,76,Rideout E. C.
PUB000009,77,"Gray D. O., Does Entrepreneurship Education Really Work? A Review And Methodological Critique Of The Empirical Literature On The Effects Of University-Based Entrepreneurship Education, Journal Of Small Business Management, 51, 3, Pp. 329-351, (2013)"
PUB000009,78,Rippa P.
PUB000009,79,"Secundo G., Digital Academic Entrepreneurship: The Potential Of Digital Technologies On Academic Entrepreneurship, Technological Forecasting And Social Change, 146, Pp. 900-911, (2019)"
PUB000009,80,"Sarker I. H., Cyberlearning: Effectiveness Analysis Of Machine Learning Security Modeling To Detect Cyber-Anomalies And Multi-Attacks, Internet Of Things, 14, (2021)"
PUB000009,81,Schneider B.
PUB000009,82,"Pea R., Real-Time Mutual Gaze Perception Enhances Collaborative Learning And Collaboration Quality, Educational Media And Technology Yearbook, 40, (2017)"
PUB000009,83,"Shail M. S., Using Micro-Learning On Mobile Applications To Increase Knowledge Retention And Work Performance: A Review Of Literature, Cureus, 11, 8, (2019)"
PUB000009,84,Shala A.
PUB000009,85,"Grajcevci A., Ict And Internet Usage Among Kosovar Students: The Impact Of Trends On Achievement In The Pisa Scales, Journal Of Learning For Development, 10, 1, Pp. 122-133, (2023)"
PUB000009,86,"Wang Y., The Influence Of Virtual Reality Technology On The Cultivation Of Agricultural Students, Mobile Information Systems, 2021, Pp. 1-8, (2021)"
PUB000010,1,Purwanti If
PUB000010,2,Titah Hs
PUB000010,3,Tangahu Bv
PUB000010,4,"Kurniawan Sb., Design And Application Of Wastewater Treatment Plant For “Pempek” Food Industry, Surabaya, Indonesia, Int. J. Civ. Eng. Technol, 9, 13, Pp. 1751-1765, (2018)"
PUB000010,5,Pratiwi Na
PUB000010,6,Rostini I
PUB000010,7,Yustiati A
PUB000010,8,"Pratama Ri., Effect Of Red Ginger Essential Oil (Zingiber Officinale Var. Rubrum) Addition On Chitosan Based Edible Coating Towards Organoleptic Characteristics Pempek, Asian J. Fish. Aquat. Res, 15, Pp. 1-9, (2021)"
PUB000010,9,Surya R
PUB000010,10,Destifen W
PUB000010,11,"Stephanie S., Review On Pempek, A Traditional Fishcake From South Sumatra, Indonesia: History, Nutritional Aspects, Current Development, And Innovation, Int. J. Gastr. Food Sci, 34, Pp. 1-9, (2023)"
PUB000010,12,Saputra A
PUB000010,13,Herpandi H
PUB000010,14,Supriadi A
PUB000010,15,"Saputra D., Spectroscopic And Chemometric Characterization Of Storage-Induced Changes In Pempek Palembang Using Ft-Ir And Pca, Int. J. Des. Nat. Ecodyn, 20, 6, Pp. 1323-1332, (2025)"
PUB000010,16,Supriadi A
PUB000010,17,Saputra D
PUB000010,18,Lestari S
PUB000010,19,Rachmawati S
PUB000010,20,"Ridhowati S., Base Metabolomics Of Snakehead And Mackerel Fish Using Lchrms For Tropical Geographic Authentication And Quality Assessment, Trop. J. Nat. Prod. Res, 9, 7, Pp. 3144-3149, (2025)"
PUB000010,21,Supriadi A
PUB000010,22,Ridhowati S
PUB000010,23,Saputra D
PUB000010,24,Wulandari
PUB000010,25,"Lestari Sd., Untargeted Metabolomics Profiling For The Geographical Authentication Of Traditional Pempek Using High-Resolution Orbitrap Mass Spectrometry, Food Chem. Adv, 6, Pp. 1-8, (2025)"
PUB000010,26,Supriadi A
PUB000010,27,Saputra D
PUB000010,28,Priyanto G
PUB000010,29,Pambayun R
PUB000010,30,"Oswari Ld., Mapping And Development Strategy Of Pempek—A Specialty Traditional Food Of South Sumatra, Indonesia, Potravinar Slovak J. Food Sci, 12, 1, Pp. 707-715, (2018)"
PUB000010,31,Supriadi A
PUB000010,32,Saputra D
PUB000010,33,Priyanto G
PUB000010,34,Baehaki A
PUB000010,35,"Pambayun R., The Profile Of Pempek As A Determining Factor Of Quality, Originality And Ethnicity, J. Phys. Conf. Ser, 1485, Pp. 1-7, (2020)"
PUB000010,36,Saputra A
PUB000010,37,Herpandi Supriadi A
PUB000010,38,"Saputra D., The Effects Of Nanoedible Coating On Shelf Life, Physicochemical, Microbial And Sensory Properties In Food Preservation And Horticulture: A Mini Review, E3S Web Conf, 373, Pp. 1-6, (2023)"
PUB000010,39,Saputri Ne
PUB000010,40,Hidayah N
PUB000010,41,Muttalib Ys
PUB000010,42,Salam A
PUB000010,43,"Rahmawati Septiyanti, Sensory Acceptance And Physicochemical Profiles Of Pempek Made With Narrow-Barred Spanish Mackerel Fish Enriched With Broccoli And Red Cabbage, Iop Conf Ser Earth Environ Sci, 807, Pp. 1-7, (2021)"
PUB000010,44,Tarazona Y
PUB000010,45,Vargas A
PUB000010,46,Quijano G
PUB000010,47,"Moreno-Andrade I., Influence Of The Initial Proportion Of Carbohydrates, Proteins, And Lipids On Biohydrogen Production By Dark Fermentation: A Multi-Response Optimization Approach, Int J Hydrogen Energy, 47, 70, Pp. 30128-30139, (2022)"
PUB000010,48,Moulia Mn
PUB000010,49,Syarief R
PUB000010,50,Suyatma Ne
PUB000010,51,Savitri Iriani E
PUB000010,52,"Kusumaningrum Hd., Application Of Edible Bionanocomposite Coating For Pempek Products At Room Temperature Storage, J Teknol Dan Ind Pangan, 30, 1, Pp. 11-19, (2019)"
PUB000010,53,Ahmed St
PUB000010,54,Islam Mm
PUB000010,55,Bostami Abmr
PUB000010,56,Mun Hs
PUB000010,57,Kim Yj
PUB000010,58,"Yang Cj., Meat Composition, Fatty Acid Profile And Oxidative Stability Of Meat From Broilers Supplemented With Pomegranate (Punica Granatum L.) By-Products, Food Chem, 188, Pp. 481-488, (2015)"
PUB000010,59,Rangel-Huerta Od
PUB000010,60,Uhlig S
PUB000010,61,Ivanova L
PUB000010,62,Dang Tt
PUB000010,63,Rode Tm
PUB000010,64,Fernandez En
PUB000010,65,"Faeste Ck., Metabolomics Workflow For Quality Control Of Differently-Processed Pre-Cooked Chicken Fillets, Food Chem, 370, Pp. 1-13, (2022)"
PUB000010,66,Kumar P
PUB000010,67,"Ganguly S., Role Of Vacuum Packaging In Increasing Shelf Life In Fish Processing Technology: A Review, Asian J Bio"
PUB000010,68,2014
PUB000010,69,"9(1):109–112. 16. Özogul F, Polat A, Özogul Y. The Effects Of Modified Atmosphere Packaging And Vacuum Packaging On Chemical, Sensory And Microbiological Changes Of Sardines (Sardina Pilchardus), Food Chem, 85, Pp. 49-57, (2004)"
PUB000010,70,"Cichello Sa., Oxygen Absorbers In Food Preservation: A Review, J Food Sci Technol, 52, 4, Pp. 1889-1895, (2015)"
PUB000010,71,Gomes C
PUB000010,72,Castell-Perez Me
PUB000010,73,Chimbombi E
PUB000010,74,Barros F
PUB000010,75,Sun D
PUB000010,76,Liu Jd
PUB000010,77,Sue H
PUB000010,78,Sherman P
PUB000010,79,Dunne P
PUB000010,80,"Wright Ao., Effect Of Oxygenabsorbing Packaging On The Shelf Life Of A Liquid-Based Component Of Military Operational Rations, J Food Sci, 74, 4, Pp. 167-176, (2009)"
PUB000010,81,Sarifudin A
PUB000010,82,Desnilasari D
PUB000010,83,Kristanti D
PUB000010,84,Setiaboma W
PUB000010,85,Putri Dp
PUB000010,86,Surahman Dn
PUB000010,87,Putri Skdfa
PUB000010,88,Santosa T
PUB000010,89,Gandara D
PUB000010,90,"Mochamad M., Effect Of Different Sterilization Time On The Quality Properties And Sensory Acceptance Of Fishball Of Mackerel Fish (Rastrelliger Kanagurta) Packaged In Retort Pouch, Iop Conf Ser Earth Environ Sci, 995, Pp. 1-6, (2022)"
PUB000010,91,Saputra D
PUB000010,92,"Yuliati K., Extending The Shelf Life Of Pempek Palembang Without Preservative Using Hot Filled Packaging, Proceedings The Jsps – Dghe International Workshop On Processing Technology Of Fisheries Products, (2004)"
PUB000010,93,Kumar Rr
PUB000010,94,Sharma Bd
PUB000010,95,Kumar M
PUB000010,96,"Chidanandaiah Biswas Ak., Storage Quality And Shelf Life Of Vacuum-Packaged Extended Chicken Patties, J Muscle Foods, 18, 3, Pp. 253-263, (2007)"
PUB000010,97,Othman Sh
PUB000010,98,Abdullah Na
PUB000010,99,Nordin N
PUB000010,100,Abdul Karim Shah Nn
PUB000010,101,Mohd Nor Mz
PUB000010,102,"Md Yunos Kf., Shelf Life Extension Of Saba Banana: Effect Of Preparation, Vacuum Packaging, And Storage Temperature, Food Packag Shelf Life, 28, Pp. 1-7, (2021)"
PUB000010,103,Saputra D
PUB000010,104,Supriadi A
PUB000010,105,Priyanto G
PUB000010,106,"Baehaki A., Ready-To-Eat Pempek (Registered Patent Pending), (2021)"
PUB000010,107,Park Jg
PUB000010,108,Song Bs
PUB000010,109,Kim Jh
PUB000010,110,Han Ij
PUB000010,111,Yoon Y
PUB000010,112,Chung Hw
PUB000010,113,Kim Ej
PUB000010,114,Gao M
PUB000010,115,"Lee Jw., Effect Of High-Dose Irradiation And Autoclave Treatment On Microbial Safety And Quality Of Ready-To-Eat Bulgogi Sauce, Radiat Phys Chem, 81, 8, Pp. 1118-1120, (2012)"
PUB000010,116,Wang W
PUB000010,117,Chen H
PUB000010,118,Ke D
PUB000010,119,Chen W
PUB000010,120,Zhong Q
PUB000010,121,Chen W
PUB000010,122,"Yun Yh., Effect Of Sterilization And Storage On Volatile Compounds, Sensory Properties And Physicochemical Properties Of Coconut Milk, Microchem J, 153, Pp. 1-9, (2020)"
PUB000010,123,"Official Methods Of Analysis Of The Association Of Official Analytical Chemist, (2005)"
PUB000010,124,"Sni 2354.8:2009 Determination Of Total Volatile Base Nitrogen (Tvb-N) And Trimethylamine Nitrogen (Tma-N) Levels In Fishery Products, (2009)"
PUB000010,125,"Sni 7388:2009 Maximum Limit Of Microbial Contamination In Food, (2009)"
PUB000010,126,Jovanska L
PUB000010,127,Chiu Ch
PUB000010,128,Yeh Yc
PUB000010,129,Chiang Wd
PUB000010,130,Hsieh Cc
PUB000010,131,"Wang R., Development Of A Pcl-Peo Double Network Colorimetric Ph Sensor Using Electrospun Fibers Containing Hibiscus Rosa Sinensis Extract And Silver Nanoparticles For Food Monitoring, Food Chem, 368, Pp. 1-10, (2022)"
PUB000010,132,Suvanich V
PUB000010,133,Jahncke ML
PUB000010,134,"Marshall Dl., Changes In Selected Chemical Quality Characteristics Of Channel Catfish Frame Mince During Chill And Frozen Storage, J. Food Sci, 65, 1, Pp. 24-29, (2000)"
PUB000010,135,Park Jg
PUB000010,136,Song Bs
PUB000010,137,Kim Jh
PUB000010,138,Park Jn
PUB000010,139,Han Ij
PUB000010,140,Hwang Hj
PUB000010,141,Byun Mw
PUB000010,142,Cho Hy
PUB000010,143,Kim Yw
PUB000010,144,Mah Jh
PUB000010,145,"Lee Jw., Effect Of Autoclaving And Irradiation On Microbiological Safety And Quality Of Ready-Toeat Bulgogi, Korean J. Food Sci Anim Resour, 30, 5, Pp. 780-786, (2010)"
PUB000010,146,Kok Tn
PUB000010,147,"Park Jw., Extending The Shelf Life Of Set Fish Ball, J Food Qual, 30, 1, Pp. 1-27, (2007)"
PUB000010,148,Yu C
PUB000010,149,Guo X-N
PUB000010,150,"Zhu K-X., Effects Of Thermal Treatment On The Microbial Shelf-Life And Quality Stability Of Wet Instant Cooked Noodles During Storage, Lwt-Food Sci Technol, 176, Pp. 1-10, (2023)"
PUB000010,151,You S
PUB000010,152,Yang S
PUB000010,153,Li L
PUB000010,154,Zheng B
PUB000010,155,Zhang Y
PUB000010,156,"Zeng H., Processing Technology And Quality Change During Storage Of Fish Sausages With Textured Soy Protein, Foods, 11, Pp. 1-14, (2022)"
PUB000010,157,Farajzadeh F
PUB000010,158,Motamedzadegan A
PUB000010,159,Shahidi Sa
PUB000010,160,"Hamzeh S., The Effect Of Chitosan-Gelatin Coating On The Quality Of Shrimp (Litopenaeus Vannamei) Under Refrigerated Condition, Food Control, 67, Pp. 163-170, (2016)"
PUB000010,161,"Gassem Ma., Microbiological And Chemical Quality Of A Traditional Salted-Fermented Fish (Hout-Kasef) Product Of Jazan Region, Saudi Arabia, Saudi J Biol Sci, 26, Pp. 137-140, (2019)"
PUB000010,162,Fan W
PUB000010,163,Chi Y
PUB000010,164,"Zhang S., The Use Of A Tea Polyphenol Dip To Extend The Shelf Life Of Silver Carp (Hypophthalmicthys Molitrix) During Storage In Ice, Food Chem, 108, Pp. 148-153, (2008)"
PUB000010,165,Mexis Sf
PUB000010,166,Chouliara E
PUB000010,167,"Kontominas Mg., Combined Effect Of An Oxygen Absorber And Oregano Essential Oil On Shelf Life Extension Of Rainbow Trout Fillets Stored At 4 °C, Food Microbiol, 26, 6, Pp. 598-605, (2009)"
PUB000010,168,Songsaeng S
PUB000010,169,Sophanodora P
PUB000010,170,Kaewsrithong J
PUB000010,171,"Ohshima T., Effect Of Different Storage Conditions On Quality Of White-Scar Oyster (Crassostrea Belcheri), Int Food Res J, 17, 2, Pp. 491-500, (2010)"
PUB000010,172,Karneta R
PUB000010,173,Sriwigama Rejo A
PUB000010,174,Priyanto G
PUB000010,175,"Pambayun R., Heat Diffusivity And Shelf Life Of Lenjer Fish Cake, J Keteknikan Pertan, 1, 1, Pp. 131-141, (2013)"
PUB000010,176,Chen Fc
PUB000010,177,"Godwin Sl., Comparison Of A Rapid Atp Bioluminescence Assay And Standard Plate Count Methods For Assessing Microbial Contamination Of Consumers’ Refrigerators, J Food Prot, 69, 10, Pp. 2534-2538, (2006)"
PUB000010,178,Microorganisms In Foods. 2. Sampling For Microbiological Analysis: Principles And Specific Applications
PUB000010,179,Noordin Wnm
PUB000010,180,Shunmugam N
PUB000010,181,"Huda N., Application Of Salt Solution And Vacuum Packaging In Extending The Shelf Life Of Cooked Fish Balls For Home And Retail Uses, J. Food Qual, 37, 6, Pp. 444-452, (2014)"
PUB000010,182,Bubelova Z
PUB000010,183,Tremlova B
PUB000010,184,Bunkova L
PUB000010,185,Pospiech M
PUB000010,186,Vitova E
PUB000010,187,"Bunka F., The Effect Of Long-Term Storage On The Quality Of Sterilized Processed Cheese, J. Food Sci. Technol, 52, 8, Pp. 4985-4993, (2015)"
PUB000010,188,Kutlu N
PUB000010,189,Pandiselvam R
PUB000010,190,Saka I
PUB000010,191,Kamiloglu A
PUB000010,192,Sahni P
PUB000010,193,"Kothakota A., Impact Of Different Microwave Treatments On Food Texture, J. Texture Stud, 53, 6, Pp. 709-736, (2021)"
PUB000010,194,Kerch G
PUB000010,195,Glonin A
PUB000010,196,Zicans J
PUB000010,197,"Merijs Meri R., A Dsc Study Of The Effect Of Bread Making Methods On Bound Water Content And Redistribution In Chitosan Enriched Bread, J Therm Anal Calorim, 108, Pp. 185-189, (2012)"
PUB000010,198,Rodriguez-Aguilera R
PUB000010,199,Oliveira Jc
PUB000010,200,Montanez Jc
PUB000010,201,"Mahajan P V., Effect Of Modified Atmosphere Packaging On Quality Factors And Shelf-Life Of Mould Surface-Ripened Cheese: Part Ii Varying Storage Temperature, Lwt-Food Sci Technol, 44, Pp. 337-342, (2011)"
PUB000010,202,Lee Cc
PUB000010,203,Wang Hf
PUB000010,204,"Lin Sd., Effect Of Isomaltooligosaccharide Syrup On Quality Characteristics Of Sponge Cake, Cereal Chem, 85, 4, Pp. 515-521, (2008)"
PUB000010,205,Choi Ys
PUB000010,206,Kim Hw
PUB000010,207,Hwang Ke
PUB000010,208,Song Dh
PUB000010,209,Choi Jh
PUB000010,210,Lee Ma
PUB000010,211,Chung Hj
PUB000010,212,"Kim Cj., Physicochemical Properties And Sensory Characteristics Of Reduced-Fat Frankfurters With Pork Back Fat Replaced By Dietary Fiber Extracted From Makgeolli Lees, Meat Sci, 96, Pp. 892-900, (2014)"
PUB000010,213,"Reddy Svk., Effects Of Formulation And Processing Methods On The Quality And Acceptability Of Cutlets Made From Minced Meat Of Pangas (Pangasius Pangasius), Saarc J Agric, 14, 1, Pp. 25-36, (2016)"
PUB000010,214,Dincer Mt
PUB000010,215,Sen Yilmaz Eb
PUB000010,216,"Cakli S., Determination Of Quality Changes Of Fish Sausage Produced From Saithe (Pollachius Virens L., 1758) During Cold Storage, Ege J Fish Aquat Sci, 34, 4, Pp. 391-399, (2017)"
PUB000010,217,Wijayanti I
PUB000010,218,Singh A
PUB000010,219,Benjakul S
PUB000010,220,"Sookchoo P., Textural, Sensory, And Chemical Characteristic Of Threadfin Bream (Nemipterus Sp.) Surimi Gel Fortified With Bio-Calcium From Bone Of Asian Sea Bass (Lates Calcarifer), Foods, 10, Pp. 1-18, (2021)"
PUB000010,221,Liu Y
PUB000010,222,Sun Q
PUB000010,223,Pan Y
PUB000010,224,Wei S
PUB000010,225,Xia Q
PUB000010,226,"Liu S, Investigation On The Correlation Between Changes In Water And Texture Properties During The Processing Of Surimi From Golden Pompano (Trachinotus Ovatus), J. Food Sci, 86, 2, Pp. 376-384, (2021)"
PUB000010,227,Yerlikaya P
PUB000010,228,"Gokoglu N., Effect Of Previous Plant Extract Treatment On Sensory And Physical Properties Of Frozen Bonito (Sarda Sarda) Filllets, Turk. J. Fish Aquat Sci, 10, Pp. 341-349, (2010)"
PUB000010,229,Lin Ly
PUB000010,230,Wang He
PUB000010,231,Lin Sd
PUB000010,232,Liu Hm
PUB000010,233,"Mau Jl., Changes In Buckwheat Bread During Storage, J. Food Process. Preserv, 37, 4, Pp. 285-290, (2012)"
PUB000010,234,Martinez O
PUB000010,235,Salmeron J
PUB000010,236,Guillen Md
PUB000010,237,"Casas C., Texture Profile Analysis Of Meat Products Treated With Commercial Liquid Smoke Flavourings, Food Control, 15, 6, Pp. 457-461, (2004)"
PUB000010,238,Rahman Ms
PUB000010,239,"Al-Mahrouqi AI., Instrumental Texture Profile Analysis Of Gelatin Gel Extracted From Grouper Skin And Commercial (Bovine And Porcine) Gelatin Gels, Int J Food Sci Nutr, 60, 3, Pp. 229-242, (2009)"
PUB000010,240,Becker A
PUB000010,241,Boulaaba A
PUB000010,242,Pingen S
PUB000010,243,Krischek C
PUB000010,244,"Klein G., Low Temperature Cooking Of Pork Meat-Physicochemical And Sensory Aspects, Meat Sci, 118, Pp. 82-88, (2016)"
PUB000010,245,Kolaric L
PUB000010,246,Minarovicova L
PUB000010,247,Laukova M
PUB000010,248,Karovicova J
PUB000010,249,"Kohajdova Z., Pasta Noodles Enriched With Sweet Potato Starch: Impact On Quality Parameters And Resistant Starch Content, J. Texture Stud, 51, 3, Pp. 464-474, (2020)"
PUB000010,250,Zhang G
PUB000010,251,Ni C
PUB000010,252,Ding Y
PUB000010,253,Zhou H
PUB000010,254,Caizhi O
PUB000010,255,Wang Q
PUB000010,256,Wang J
PUB000010,257,"Cheng J., Effects Of Low Moisture Extrusion On The Structural And Physicochemical Properties Of Adlay (Coix Lacryma-Jobi L.) Starch-Based Polymers, Process Biochem, 96, Pp. 30-37, (2020)"
PUB000010,258,"Murata M., Browning And Pigmentation In Food Through The Maillard Reaction, Glycoconj J, 38, 3, Pp. 283-292, (2021)"
PUB000010,259,Sheng Bq
PUB000010,260,Guo Xn
PUB000010,261,"Zhu Kx., The Effect Of Active Packaging On Microbial Stability And Quality Of Chinese Steamed Bread, Packag Technol Sci, 28, 9, Pp. 775-787, (2015)"
PUB000010,262,Jiang C
PUB000010,263,Chen Y
PUB000010,264,Li S
PUB000010,265,Shang S
PUB000010,266,Fu B
PUB000010,267,Wang L
PUB000010,268,Dong X
PUB000010,269,"Jiang P., Ready-To-Eat Fish Cake Processing Methods And The Impacts On Quality And Flavor, Foods, 11, 21, Pp. 1-14, (2022)"
PUB000011,1,Behera Sk
PUB000011,2,Suresh K
PUB000011,3,Shukla Ak
PUB000011,4,Kamireddy M
PUB000011,5,Mathur Rk
PUB000011,6,"Majumdar K., Soil And Leaf Potassium, Calcium And Magnesium In Oil Palm (Elaeis Guineensis Jacq.) Plantations Grown On Three Different Soils Of India: Status, Stoichiometry And Relations, Ind. Crops Prod, 168, Pp. 1-9, (2021)"
PUB000011,7,Bhadouria J
PUB000011,8,Singh Ap
PUB000011,9,Mehra P
PUB000011,10,Verma L
PUB000011,11,Srivastawa R
PUB000011,12,Parida Sk
PUB000011,13,"Giri J., Identification Of Purple Acid Phosphatases In Chickpea And Potential Roles Of Capap7 In Seed Phytate Accumulation, Sci. Rep, 7, 1, Pp. 1-12, (2017)"
PUB000011,14,"Bradford Mm., A Rapid And Sensitive Method For The Quantitation Of Microgram Quantities Of Protein Utilizing The Principle Of Protein–Dye Binding, Anal. Biochem, 72, Pp. 248-254, (1976)"
PUB000011,15,Cheng Lt
PUB000011,16,Zeng Yj
PUB000011,17,Chu Cy
PUB000011,18,"Wang Hy., Development Of A Quick Dot Blot Assay For The Titering Of Bovine Ephemeral Fever Virus, Bmc Vet. Res, 15, (2019)"
PUB000011,19,Corley Rhv
PUB000011,20,"Tinker Pb., The Oil Palm. West African Agriculture, (2016)"
PUB000011,21,Deng S
PUB000011,22,Lu L
PUB000011,23,Li J
PUB000011,24,Du Z
PUB000011,25,Liu T
PUB000011,26,Li W
PUB000011,27,Xu F
PUB000011,28,Shi L
PUB000011,29,Shou H
PUB000011,30,"Wang C., Purple Acid Phosphatase 10C Encodes A Major Acid Phosphatase That Regulates Plant Growth Under Phosphatedeficient Conditions In Rice, J. Exp. Bot, 71, 14, Pp. 4321-4332, (2020)"
PUB000011,31,Gao W
PUB000011,32,Lu L
PUB000011,33,Qiu W
PUB000011,34,Wang C
PUB000011,35,"Shou H., Ospap26 Encodes A Major Purple Acid Phosphatase And Regulates Phosphate Remobilization In Rice, Plant Cell Physiol, 58, 5, Pp. 885-892, (2017)"
PUB000011,36,Grzegorczyk J
PUB000011,37,Gurgul A
PUB000011,38,"Ockowicz M., Single Nucleotide Polymorphism Discovery And Genetic Differentiation Analysis Of Geese Bred In Poland Using Genotypingbysequencing, Genes, 12, Pp. 1074-1086, (2021)"
PUB000011,39,Hoagland Dr
PUB000011,40,"Arnon Di., The Waterculture Method For Growing Plants Without Soil. California Agricultural Experiment Station, Circular 347, (1950)"
PUB000011,41,Huangfu Y
PUB000011,42,Pan J
PUB000011,43,Li Z
PUB000011,44,Wang Q
PUB000011,45,Mastouri F
PUB000011,46,Li Y
PUB000011,47,Yang S
PUB000011,48,Liu M
PUB000011,49,Dai S
PUB000011,50,"Liu W., Genomewide Identification Of Pti1 Family In Setaria Italica And Salinityresponsive Functional Analysis Of Sipti1–5, Bmc Plant Biol, 21, 1, Pp. 1-17, (2021)"
PUB000011,51,Jewel Za
PUB000011,52,Ali J
PUB000011,53,Mahender A
PUB000011,54,Hernandez J
PUB000011,55,Pang Y
PUB000011,56,"Li Z., Identification Of Quantitative Trait Loci Associated With Nutrient Use Efficiency Traits Using Snp Markers In Rice, Int. J. Mol. Sci, 20, 4, (2019)"
PUB000011,57,Kelen M
PUB000011,58,Demiralay Ec
PUB000011,59,Sen S
PUB000011,60,"Alsancak Go., Separation Of Abscisic Acid, Indole3Acetic Acid And Gibberellic Acid By Reversed Phase Liquid Chromatography, Turk. J. Chem, 28, 5, Pp. 603-610, (2004)"
PUB000011,61,Kong Sl
PUB000011,62,Abdullah Sna
PUB000011,63,Ho Cl
PUB000011,64,Musa Mh
PUB000011,65,"Yeap Wc., Comparative Transcriptome Analysis Reveals Transcriptional Responses To Phosphorus Starvation In Oil Palm Root, Bmc Genomic Data, 22, 1, Pp. 1-15, (2021)"
PUB000011,66,Kumar S
PUB000011,67,Kumar S
PUB000011,68,"Mohapatra T., Interaction Between Macro And Micronutrients In Plants, Front. Plant Sci, 12, (2021)"
PUB000011,69,Martin Jj
PUB000011,70,Yarra R
PUB000011,71,Wei L
PUB000011,72,"Cao H., Oil Palm Breeding In The Modern Era: Challenges And Opportunities, Plants, 11, 11, (2022)"
PUB000011,73,Maryanto Sd
PUB000011,74,Kusnandar As
PUB000011,75,Sudania Wm
PUB000011,76,Tanjung Za
PUB000011,77,"Saputra Ti., Technical Annual Report: Screening Single Nucleotide Polymorphism (Snp) Markers Related To Phosphorus Uptake Efficiency, (2019)"
PUB000011,78,Maryanto Sd
PUB000011,79,Tanjung Za
PUB000011,80,Roberdi Sudania Wm
PUB000011,81,Hairinsyah Pujianto
PUB000011,82,Utomo C
PUB000011,83,"Liwang T., Involvement Of Purple Acid Phosphatase Gene Into Nitrogen Uptake Of Oil Palm, Biodiversitas, 22, 3, Pp. 1385-1390, (2021)"
PUB000011,84,Muhammad Ii
PUB000011,85,Abdullah Sna
PUB000011,86,Saud Hm
PUB000011,87,Shaharuddin Na
PUB000011,88,"Isa Nm., Dynamic Responses Of Oil Palm Leaf And Root Metabolome To Phosphorus Deficiency, Metabolites, 11, (2021)"
PUB000011,89,Rohman Ra
PUB000011,90,Maryanto Sd
PUB000011,91,Sudania Wm
PUB000011,92,Utomo C
PUB000011,93,"Liwang T., Nitrogen Uptake Efficiency Induced Fumarate Hydratase Activity In Oil Palm Seedlings, J. Proteins Proteomics, 13, 2, Pp. 117-124, (2022)"
PUB000011,94,Saijo Y
PUB000011,95,"Loo Ep., Plant Immunity In Signal Integration Between Biotic And Abiotic Stress Responses, New Phytol, 225, 1, Pp. 87-104, (2020)"
PUB000011,96,Soumya Pr
PUB000011,97,Burridge Aj
PUB000011,98,Singh N
PUB000011,99,Batra R
PUB000011,100,Pandey R
PUB000011,101,Kalia S
PUB000011,102,Rai V
PUB000011,103,"Edwards Kj., Population Structure And Genomewide Association Studies In Bread Wheat For Phosphorus Efficiency Traits, Sci. Rep, 11, 1, (2021)"
PUB000011,104,Srivastava R
PUB000011,105,Akash Parida Ap
PUB000011,106,Chauhan Pk
PUB000011,107,"Kumar R., Identification, Structure Analysis And Transcript Profiling Of Purple Acid Phosphatases Under Phosphate Deficiency In Tomato, Int. J. Biol. Macromol, 165, Pp. 2253-2266, (2020)"
PUB000011,108,Sun M
PUB000011,109,Qiu L
PUB000011,110,Liu Y
PUB000011,111,Zhang H
PUB000011,112,Zhang Y
PUB000011,113,Qin Y
PUB000011,114,Mao Y
PUB000011,115,Zhou M
PUB000011,116,Du X
PUB000011,117,Qin Z
PUB000011,118,"Dai S., Pto Interaction Proteins: Critical Regulators In Plant Development And Stress Response, Front. Plant Sci, 13, (2022)"
PUB000011,119,Thuynsma R
PUB000011,120,Kleinert A
PUB000011,121,Kossmann J
PUB000011,122,Valentine Aj
PUB000011,123,"Hills Pn., Effects Of Limiting Phosphate On Photosynthesis And Growth Of Lotus Japonicus, S. Afr. J. Bot, 104, Pp. 244-248, (2016)"
PUB000011,124,Tian H
PUB000011,125,De Smet I
PUB000011,126,"Ding Z., Shaping A Root System: Regulating Lateral Versus Primary Root Growth, Trends Plant Sci, 19, 7, Pp. 426-431, (2014)"
PUB000011,127,Viegas Ijm
PUB000011,128,Santos Ld
PUB000011,129,Costa Mg
PUB000011,130,Oliveira Ferreira Ev
PUB000011,131,Silva Barata H
PUB000011,132,"Silva Das., Production Of Oil Palm Under Phosphorus, Potassium And Magnesium Fertilization, Rev. Ceres, 70, 2, Pp. 112-123, (2023)"
PUB000011,133,Zhu S
PUB000011,134,Chen M
PUB000011,135,Liang C
PUB000011,136,Xue Y
PUB000011,137,Lin S
PUB000011,138,"Tian J., Characterization Of Purple Acid Phosphatase Family And Functional Analysis Of Gmpap7A/7B In Soybean, Front. Plant Sci, 11, (2020)"
PUB000012,1,Kartinawanti At
PUB000012,2,"Asy'Ari Ak., Pulpal Diseases And Single-Visit Root Canal Treatment: Literature Review, J Ilmu Kedokt Gigi, 4, 2, Pp. 64-72, (2021)"
PUB000012,3,Shah D
PUB000012,4,Lynd T
PUB000012,5,Ho D
PUB000012,6,Chen J
PUB000012,7,Vines J
PUB000012,8,Jung Hd
PUB000012,9,"Kim C., Pulp-Dentin Tissue Healing Response: A Discussion Of Current Biomedical Approaches, J Clin Med, 9, 2, (2020)"
PUB000012,10,Musiol S
PUB000012,11,Alessandrini F
PUB000012,12,Jakwerth Ca
PUB000012,13,Chaker Am
PUB000012,14,Schneider E
PUB000012,15,Guerth F
PUB000012,16,Schnautz B
PUB000012,17,Grosch J
PUB000012,18,Ghiordanescu I
PUB000012,19,Ullmann Jt
PUB000012,20,Kau J
PUB000012,21,Plaschke M
PUB000012,22,Haak S
PUB000012,23,Buch T
PUB000012,24,Schmidtweber Cb
PUB000012,25,"Zissler Um., Tgf-Β1 Drives Inflammatory Th Cell But Not Treg Cell Compartment Upon Allergen Exposure, Front Immunol, 12, (2022)"
PUB000012,26,Kim Me
PUB000012,27,"Lee Js., Advances In The Regulation Of Inflammatory Mediators In Nitric Oxide Synthase: Implications For Disease Modulation And Therapeutic Approaches, Int J Mol Sci, 26, 3, (2025)"
PUB000012,28,He P
PUB000012,29,Zheng L
PUB000012,30,"Zhou X., Igfs In Dentin Formation And Regeneration: Progress And Remaining Challenges, Stem Cells Int, 2022, (2022)"
PUB000012,31,Zaky Sh
PUB000012,32,Shehabeldin M
PUB000012,33,Ray H
PUB000012,34,"Sfeir C., The Role Of Inflammation Modulation In Dental Pulp Regeneration, Eur Cells Mater, 41, 8, Pp. 184-193, (2021)"
PUB000012,35,Zamzami Ara
PUB000012,36,Yasmina A
PUB000012,37,"Isnaini, Toxicity Test Of Methanolic Extracts Of Galam Bark And Leaves Using Bslt Method, Homeostasis, 4, 1, Pp. 43-48, (2021)"
PUB000012,38,Kusuma Arp
PUB000012,39,Praptiningsih Rs
PUB000012,40,"Nurhapsari A., Comparison Of The Number Of Macrophages In The Rat Reversible Pulpitis After Application Of Biodentine And Siwak Extract, J Medali, 4, 3, Pp. 6-11, (2022)"
PUB000012,41,Giraud T
PUB000012,42,Jeanneau C
PUB000012,43,Rombouts C
PUB000012,44,Bakhtiar H
PUB000012,45,Laurent P
PUB000012,46,"About I., Pulp Capping Materials Modulate The Balance Between Inflammation And Regeneration, Dent Mater, 35, 1, Pp. 24-35, (2019)"
PUB000012,47,Ali Mrw
PUB000012,48,Mustafa M
PUB000012,49,Bardsen A
PUB000012,50,"Bletsa A., Tricalcium Silicate Cements: Osteogenic And Angiogenic Responses Of Human Bone Marrow Stem Cells, Eur J Oral Sci, 127, 3, Pp. 261-268, (2019)"
PUB000012,51,Abuarqoub D
PUB000012,52,Aslam N
PUB000012,53,Zaza R
PUB000012,54,Jafar H
PUB000012,55,"Zalloum S., The Immunomodulatory And Regenerative Effect Of Biodentinetm On Human Thp-1 Cells And Dental Pulp Stem Cells: In Vitro Study, Biomed Res Int, 22, 9, Pp. 1-12, (2022)"
PUB000012,56,Isnaini Biworo A
PUB000012,57,Khatimah H
PUB000012,58,Gufron Km
PUB000012,59,"Puteri Sr., Antibacterial And Antifungal Activity Of Galam (Melaleuca Cajuputi Subsp. Cumingiana (Turcz.) Barlow) Extract Against E. Coli Bacteria And C. Albicans Fungi, J Agromed Med Sci, 7, 2, Pp. 79-83, (2021)"
PUB000012,60,Musta R
PUB000012,61,Nurliana L
PUB000012,62,Damhuri Asranudin
PUB000012,63,"Darlian L., Kinetics Study Of Antibacterial Activity Of Cajuput Oil (Melaleuca Cajuputi) On Escherichia Coli, Staphylococcus Aureus, And Bacillus Cereus, Curr Appl Sci Technol, 22, 3, Pp. 1-10, (2022)"
PUB000012,64,Diana S
PUB000012,65,Rieuwpassa Ie
PUB000012,66,Nugroho Jj
PUB000012,67,Rahman Fu
PUB000012,68,"Wasiaturrahmah Y., Antibacterial Effectiveness Test Of Galam Leaf Extract (Malaleuca Cajuputi Subsp. Cumingiana Barlow) Against Lactobacillus Plantarum, Aip Conf Proc, 3312, (2025)"
PUB000012,69,Nugroho Jj
PUB000012,70,Diana S
PUB000012,71,Rieuwpassa Ie
PUB000012,72,Puspaningtias Il
PUB000012,73,"Wardhana As., Combination Of 50% Galam (Melaleuca Cajuputi) Leaf Gel Extract And Tricalcium Silicate Cement As Direct Pulp Capping Materials: In Vivo Study, Aip Conf Proc, 31, 27, Pp. 42-49, (2024)"
PUB000012,74,Erlangga Bbs
PUB000012,75,Diana S
PUB000012,76,Saputera D
PUB000012,77,Aspriyanto D
PUB000012,78,"Oktiani Bw., Toxicity Test Of Galam Leaf Extract (Melaleuca Cajuputi Subsp. Cumingiana Barlow) On Bhk-21 Fibroblast Cells, Dentin J Kedokt Gigi, 4, 1, Pp. 59-64, (2023)"
PUB000012,79,"Muntiha M., Teknik Pembuatan Preparat Dengan Pewarnaan Hematoksilin Dan Balai Penelitian Veteriner, Pp. 156-163"
PUB000012,80,Nazar I.B.
PUB000012,81,Dewi Y.A.
PUB000012,82,"Permana A.D., Vascular Endothelial Growth Factor Expression In Correlation With Stage Juvenile Nasopharyngeal Angiofibroma, Althea Medical Journal, 8, 2, (2021)"
PUB000012,83,Nugraha Ap
PUB000012,84,Ramadhani Nf
PUB000012,85,Riawan W
PUB000012,86,Ihsan Is
PUB000012,87,Ernawati Ds
PUB000012,88,Ridwan Rd
PUB000012,89,Narmada Ib
PUB000012,90,Saskianti T
PUB000012,91,Rezkita F
PUB000012,92,Sarasati A
PUB000012,93,Noor Tnebta
PUB000012,94,Inayatillah B
PUB000012,95,"Joestandari F., Gingival Mesenchymal Stem Cells Metabolite Decreasing Trap, Nfatc1, And Sclerostin Expression In Lpsassociated Inflammatory Osteolysis In Vivo, Eur J Dent, 13, 9, Pp. 63-72, (2022)"
PUB000012,96,Fahmi M
PUB000012,97,Kharisma Vd
PUB000012,98,Ansori An
PUB000012,99,"Ito M., Retrieval And Investigation Of Data On SARS-CoV-2 And COVID-19 Using Bioinformatics Approach, Coronavirus Disease-Covid19, 13, 18, Pp. 57-83, (2021)"
PUB000012,100,Rahim F
PUB000012,101,Putra Pp
PUB000012,102,Ismed F
PUB000012,103,Putra Ae
PUB000012,104,"Lucida H., Molecular Dynamics, Docking And Prediction Of Absorption, Distribution, Metabolism And Excretion Of Lycopene As Protein Inhibitor Of Bcl2 And Dnmt1, Trop J Nat Prod Res, 7, 7, Pp. 3439-3444, (2023)"
PUB000012,105,Khongsai K
PUB000012,106,Srichamnong W
PUB000012,107,Yim W
PUB000012,108,"Rattanadilok-Nad I., Phytochemical Analysis, Antioxidant And Antibacterial Activities Of Ethanol And Aqueous Extracts Of Melaleuca Cajuputi Leaves, Trop J Nat Prod Res, 8, 12, (2024)"
PUB000012,109,Shen Z
PUB000012,110,Tsao H
PUB000012,111,Larue S
PUB000012,112,Liu R
PUB000012,113,Kirkpatrick Tc
PUB000012,114,Souza Lc
PUB000012,115,Letra A
PUB000012,116,"Silva Rm., Vascular-Endothelial Growth Factor (Vegf) And/Or Nerve Growth Factor (Ngf) Enhance Dentinogenic/Odontogenic Marker Expression In Scaps Under Inflammatory Challenge, J Endod, 47, 6, (2021)"
PUB000012,117,Khotimah H
PUB000012,118,Buyung Hl
PUB000012,119,Istiana S
PUB000012,120,Katili I
PUB000012,121,"Jatmiko W., Prediction Of Antiinflammatory Effects Of Rosmarinus Officinalis L. In Osteoarthritis Through Inhibition In Pge2R, Cox-2, And Il-1B: An In Silico Study, Trop J Nat Prod Res, 9, 2, Pp. 504-511, (2025)"
PUB000012,122,Ysrafil Y
PUB000012,123,Sapiun Z
PUB000012,124,Slamet Ns
PUB000012,125,Mohamad F
PUB000012,126,Hartati H
PUB000012,127,Damiti Sa
PUB000012,128,Alexandra Fd
PUB000012,129,Rahman S
PUB000012,130,Masyeni S
PUB000012,131,Harapan H
PUB000012,132,Mamada Ss
PUB000012,133,Bin Emran T
PUB000012,134,"Nainu F., Anti-Inflammatory Activities Of Flavonoid Derivates, Admet Dmpk, 11, 3, Pp. 331-359, (2023)"
PUB000012,135,Ismiyatin K
PUB000012,136,Mooduto L
PUB000012,137,"Amani Fpd., Effect Of Epigallocatechin-3-Gallate (Egcg) On The Number Of Lymphocyte Cells In Inflammation Of Pulp With Mechanical Injury, Conserv Dent J, 10, 1, Pp. 9-13, (2020)"
PUB000012,138,Apriasari ML
PUB000012,139,Pramitha Sr
PUB000012,140,Puspitasari D
PUB000012,141,"Ernawati Ds., Anti-Inflammatory Effect Of Musa Acuminata Stem, Eur J Dent, 14, 2, Pp. 294-298, (2020)"
PUB000012,142,Ramadhani Nf
PUB000012,143,Nugraha Ap
PUB000012,144,Rahmadani D
PUB000012,145,Puspitaningrum Ms
PUB000012,146,Rizqianti Y
PUB000012,147,Kharisma Vd
PUB000012,148,Noor Tnebta
PUB000012,149,Ridwan Rd
PUB000012,150,Ernawati Ds
PUB000012,151,"Nugraha A., Anthocyanin, Tartaric Acid, Ascorbic Acid Of Roselle Flower (Hibiscus Sabdariffa L.) For Immunomodulatory Adjuvant Therapy In Oral Manifestation Coronavirus Disease-19: An Immunoinformatic Approach, J Pharm Pharmacogn Res, 10, 3, Pp. 418-428, (2022)"
PUB000012,152,Sequeira Db
PUB000012,153,Diogo P
PUB000012,154,Gomes Bpfa
PUB000012,155,Peca J
PUB000012,156,"Santos Jmm., Scaffolds For Dentin-Pulp Complex Regeneration, Medicina (Kaunas), 60, 1, (2023)"
PUB000012,157,Rahayu Rp
PUB000012,158,Pribadi N
PUB000012,159,Widjiastuti I
PUB000012,160,"Nugrahani Na., Combinations Of Propolis And Ca(Oh)2 In Dental Pulp Capping Treatment For The Stimulation Of Reparative Dentin Formation In A Rat Model, F1000Res, 9, Pp. 1-8, (2020)"
PUB000012,161,Okolie Np
PUB000012,162,Falodun A
PUB000012,163,"Oluseyi D., Evaluation Of The Antioxidant Activity Of Root Extract Of Pepper Fruit (Dennetia Tripetala), And Its Potential For The Inhibition Of Lipid Peroxidation, Afr J Tradit Complement Altern Med, 11, 3, Pp. 221-227, (2014)"
PUB000012,164,Karobari Mi
PUB000012,165,Adil Ah
PUB000012,166,Assiry Aa
PUB000012,167,Basheer Sn
PUB000012,168,Noorani Ty
PUB000012,169,"Pawar Am., Herbal Medications In Endodontics And Its Application-A Review Of Literature, Materials, 15, 9, Pp. 1-14, (2022)"
PUB000012,170,Rizqiawan A
PUB000012,171,Aprilia O
PUB000012,172,Pakpahan Rg
PUB000012,173,Rodherika E
PUB000012,174,Setyowati A
PUB000012,175,"Kei T., Application Of Mangosteen Peel Extract (Garcinia Mangostana Linn.) To Tgf-1, Pdgf-B, Fgf-2 And Vegf-An Expression On Human Gingival Fibroblast Cell Culture (In Vitro Study), J Int Dent Med Res, 14, 1, Pp. 119-124, (2021)"
PUB000012,176,Mantiniotou M
PUB000012,177,Athanasiadis V
PUB000012,178,Kalompatsios D
PUB000012,179,Bozinou E
PUB000012,180,"Lalas Si., Therapeutic Capabilities Of Triterpenes And Triterpenoids In Immune And Inflammatory Processes: A Review, Compounds, 5, 1, Pp. 22-32, (2025)"
PUB000012,181,Yang T
PUB000012,182,Li Z
PUB000012,183,Geng A
PUB000012,184,Liu P
PUB000012,185,"Chen J., Synthesis And Biological Evaluation Of (20S,24R)-Epoxy-Dammarane3Β,12Β,25-Triol Derivatives As Α-Glucosidase And Ptp1B Inhibitors, Med Chem Res, 31, 2, Pp. 350-363, (2022)"
PUB000012,186,Tao X
PUB000012,187,Liu K
PUB000012,188,Li W
PUB000012,189,Zhao S
PUB000012,190,Liu C
PUB000012,191,"Dai Q., Saponin Of Aralia Taibaiensis Promotes Angiogenesis Through Vegf/Vegfr2 Signaling Pathway In Cerebral Ischemic Mice, J Ethnopharmacol, 3, 17, Pp. 116-127, (2023)"
PUB000012,192,Zulkefli N
PUB000012,193,Che Zahari Cnm
PUB000012,194,Sayuti Nh
PUB000012,195,Kamarudin Aa
PUB000012,196,Saad N
PUB000012,197,"Hamezah Hs., Flavonoids As Potential Woundhealing Molecules: Emphasis On Pathways Perspective, Int J Mol Sci, 24, 5, Pp. 46-57, (2023)"
PUB000012,198,Pan D
PUB000012,199,Acevedo-Cintron Ja
PUB000012,200,Sayanagi J
PUB000012,201,Snyder-Warwick Ak
PUB000012,202,Mackinnon Se
PUB000012,203,"Wood Md., The Ccl2/Ccr2 Axis Is Critical To Recruiting Macrophages Into Acellular Nerve Allograft Bridging A Nerve Gap To Promote Angiogenesis And Regeneration, Exp Neurol, 331, (2020)"
PUB000013,1,Rehm J
PUB000013,2,"Shield Kd., Global Burden Of Alcohol Use Disorders And Alcohol Liver Disease, Biomedicines, 7, 4, Pp. 7-6, (2019)"
PUB000013,3,Bagnardi V
PUB000013,4,Blangiardo M
PUB000013,5,La Vecchia C
PUB000013,6,"Corrao G., Alcohol Consumption And The Risk Of Cancer, Alcohol Res Health, 25, 4, Pp. 263-270, (2001)"
PUB000013,7,Contreras-Zentella ML
PUB000013,8,Villalobos-Garcia D
PUB000013,9,"Hernandez Munoz R., Ethanol Metabolism In The Liver, The Induction Of Oxidant Stress, And The Antioxidant Defense System, Antioxidants, 11, 7, Pp. 1-19, (2022)"
PUB000013,10,Langhi C
PUB000013,11,Pedraz-Cuesta E
PUB000013,12,Haro D
PUB000013,13,Marrero Pf
PUB000013,14,"Rodriguez Jc., Regulation Of Human Class I Alcohol Dehydrogenases By Bile Acids, J. Lipid Res, 54, 9, Pp. 2475-2484, (2013)"
PUB000013,15,Orywal K
PUB000013,16,"Szmitkowski M., Alcohol Dehydrogenase And Aldehyde Dehydrogenase In Malignant Neoplasms, Clin Exp Med, 17, 2, Pp. 131-139, (2017)"
PUB000013,17,Ying X
PUB000013,18,"Ma K., Characterization Of A Zinc-Containing Alcohol Dehydrogenase With Stereoselectivity From The Hyperthermophilic Archaeon Thermococcus Guaymasensis, J Bacteriol, 193, 12, Pp. 3009-3019, (2011)"
PUB000013,19,Hadi S
PUB000013,20,Setiawan D
PUB000013,21,Viogenta P
PUB000013,22,Sunardi S
PUB000013,23,Nastiti K
PUB000013,24,Nisa K
PUB000013,25,"Andiarsa D., Molecular Docking And Dynamics Study Of Compounds From Combretum Indicumvar Var. B Seeds As Alcohol Dehydrogenase Inhibitors, Trop J Nat Prod Res, 7, 11, Pp. 5087-5096, (2023)"
PUB000013,26,Pereira Ar
PUB000013,27,De Souza Jcp
PUB000013,28,Goncalves Ad
PUB000013,29,Pagnoncelli Kc
PUB000013,30,"Crespilho Fn., Bioelectrooxidation Of Ethanol Using Naddependent Alcohol Dehydrogenase On Oxidized Flexible Carbon Fiber Arrays, J. Braz Chem Soc, Pp. 1-10, (2017)"
PUB000013,31,Martinez-Hurtado Jl
PUB000013,32,Calo-Fernandez B
PUB000013,33,"Vazquez-Padin J., Preventing And Mitigating Alcohol Toxicity: A Review On Protective Substances, Beverages (Basel), 4, 39, Pp. 1-28, (2018)"
PUB000013,34,Ashurst Jv
PUB000013,35,Schaffer Dh
PUB000013,36,"Nappe Tm., Methanol Toxicity, Statpearls [Internet], (2025)"
PUB000013,37,"Megarbane B., Treatment Of Patients With Ethylene Glycol Or Methanol Poisoning: Focus On Fomepizole, Open Access Emerg Med, 2, Pp. 67-75, (2010)"
PUB000013,38,"Battistella M., Fomepizole As An Antidote For Ethylene Glycol Poisoning, Ann Pharmacother, 36, Pp. 1085-1089, (2002)"
PUB000013,39,Nasim N
PUB000013,40,Sandeep Is
PUB000013,41,"Mohanty S., Plant-Derived Natural Products For Drug Discovery: Current Approaches And Prospects, Nucleus (Calcutta), 65, 3, Pp. 399-411, (2022)"
PUB000013,42,Lestari It
PUB000013,43,Anggadiredja K
PUB000013,44,"Garmana An., Red Fruit (Pandanus Conoideus Lam) Oil Ameliorates Streptozotocininduced Diabetic Peripheral Neuropathy By Targeting The Oxidative And Inflammatory Pathways In The Spinal Cord In A Rat Model, Pharmacia, 71, Pp. 1-13, (2024)"
PUB000013,45,Herdiyati Y
PUB000013,46,Atmaja He
PUB000013,47,Satari Mh
PUB000013,48,"Kurnia D., Potential Antibacterial Flavonoid From Red Fruit (Pandanus Conodieus Lam.) Against Pathogenic Oral Bacteria Of Enterococcus Faecalis Atcc 29212, Open Dent J, 14, Pp. 433-439, (2020)"
PUB000013,49,Astirin Op
PUB000013,50,Harini M
PUB000013,51,"Handajani Ns., The Effect Of Crude Extract Of Pandanus Conoideus Lam. Var. Yellow Fruit On Apoptosis Expression Of The Breast Cancer Cells (T47D), Biodiversitas, 10, 1, Pp. 44-48, (2009)"
PUB000013,52,Ainunnisa M
PUB000013,53,Fawwaz M
PUB000013,54,"Pratama M., The Antioxidant Activity Of Red Fruit Juice (Pandanus Conoideus Lam.) Using The Frap Method, Pharm Rep, 4, 1, Pp. 5-10, (2025)"
PUB000013,55,Damayanti L
PUB000013,56,Evaangelina Ia
PUB000013,57,Laviana A
PUB000013,58,Herdiyati Y
PUB000013,59,"Kurnia D., Antibacterial Activity Of Buah Merah (Pandanus Conoideus Lam.) Against Bacterial Oral Pathogen Of Streptococcus Sanguinis Atcc10556, Streptococcus Mutans Atcc 25175, And Enterococcus Faecalis Atcc 29212: An In Vitro Study, Open Dent J, 14, Pp. 113-119, (2020)"
PUB000013,60,"Umar Ak., Flavonoid Compounds Of Red Fruit (Pandanus Conoideus Lamk) As A Potent SARS-CoV-2 Main Protease Inhibitor: In Silico Approach, Future J Pharm Sci, 7, 1, Pp. 1-8, (2021)"
PUB000013,61,Sirait Ms
PUB000013,62,Warsiki E
PUB000013,63,"Setyaningsih D., Potential Of Red Fruit Oil (Pandanus Conoideus Lam.) As An Antioxidant Active Packaging: A Review, Iop Conf. Ser.: Earth Environ. Sci, 749, Pp. 1-8, (2021)"
PUB000013,64,Heriyanto
PUB000013,65,Gunawan Ia
PUB000013,66,Fujii R
PUB000013,67,Maoka T
PUB000013,68,Shioi Y
PUB000013,69,Kameubun Kmb
PUB000013,70,Limantara L
PUB000013,71,"Brotosudarmo Thp., Carotenoid Composition In Red Fruit (Pandanus Conoideus Lam.), An Indigenous Red Fruit Of The Papua Islands, J Food Compos Anal, 96, Pp. 3-31, (2021)"
PUB000013,72,Lestari N
PUB000013,73,Junaidi L
PUB000013,74,Wijaya H
PUB000013,75,Wardayanie A
PUB000013,76,"Ariningsih S., Development Of Processing Technology For Red Fruit Oil Powder (Pandanus Conoideus Lamk) As A Food Additive, Warta Ihp, 38, 2, Pp. 117-125, (2021)"
PUB000013,77,Swanson K
PUB000013,78,Walther P
PUB000013,79,Leitz J
PUB000013,80,Mukherjee S
PUB000013,81,Wu Jc
PUB000013,82,Shivnaraine Rv
PUB000013,83,"Zou J., Admet-AI: A Machine Learning Admet Platform For Evaluation Of Large-Scale Chemical Libraries, Bioinformatics, 40, 7, Pp. 1-4, (2024)"
PUB000013,84,Forli S
PUB000013,85,Huey R
PUB000013,86,Pique Me
PUB000013,87,Sanner Mf
PUB000013,88,Goodsell Ds
PUB000013,89,"Olson Aj., Computational Protein-Ligand Docking And Virtual Drug Screening With The Autodock Suite, Nat Protoc, 11, 5, Pp. 905-919, (2016)"
PUB000013,90,Hurley Td
PUB000013,91,Bosron Wf
PUB000013,92,Stone Cl
PUB000013,93,"Amzel Lm., Structures Of Three Human Beta Alcohol Dehydrogenase Variants Correlations With Their Functional Differences, J Mol Biol, 239, 3, Pp. 415-429, (1994)"
PUB000013,94,Shamsian S
PUB000013,95,Sokouti B
PUB000013,96,"Dastmalchi S., Benchmarking Different Docking Protocols For Predicting The Binding Poses Of Ligands Complexed With Cyclooxygenase Enzymes And Screening Chemical Libraries, Bioimpacts, 14, 2, Pp. 1-9, (2024)"
PUB000013,97,Rao P
PUB000013,98,Shukla A
PUB000013,99,Parmar P
PUB000013,100,Rawal Rm
PUB000013,101,Patel B
PUB000013,102,Saraf M
PUB000013,103,"Goswami D., Reckoning A Fungal Metabolite, Pyranonigrin A As A Potential Main Protease (Mpro) Inhibitor Of Novel Sarscov-2 Virus Identified Using Docking And Molecular Dynamics Simulation, Biophys Chem, 264, Pp. 1-10, (2020)"
PUB000013,104,Karami Tk
PUB000013,105,Hailu S
PUB000013,106,Feng S
PUB000013,107,Graham R
PUB000013,108,"Gukasyan Hj., Eyes On Lipinski'S Rule Of Five: A New ""Rule Of Thumb"" For Physicochemical Design Space Of Ophthalmic Drugs, J Ocul Pharmacol Ther, 38, 1, Pp. 43-55, (2022)"
PUB000013,109,Wu K
PUB000013,110,Kwon Sh
PUB000013,111,Zhou X
PUB000013,112,Fuller C
PUB000013,113,Wang X
PUB000013,114,Vadgama J
PUB000013,115,"Wu Y., Overcoming Challenges In Small-Molecule Drug Bioavailability: A Review Of Key Factors And Approaches, Int J Mol Sci, 25, 23, Pp. 1-29, (2024)"
PUB000013,116,"Guengerich Fp., Cytochrome P450 And Chemical Toxicology, Chem Res Toxicol, 21, 1, Pp. 70-83, (2008)"
PUB000013,117,Mukherjee S
PUB000013,118,Swanson K
PUB000013,119,Walther P
PUB000013,120,Shivnaraine Rv
PUB000013,121,Leitz J
PUB000013,122,Pang Pd
PUB000013,123,Zou J
PUB000013,124,"Wu Jc., Admet-AI Enables Interpretable Predictions Of Drug-Induced Cardiotoxicity, Circulation, 151, 3, Pp. 285-287, (2025)"
PUB000013,125,Nogawa H
PUB000013,126,"Kawai T., Herg Trafficking Inhibition In Druginduced Lethal Cardiac Arrhythmia, Eur J Pharmacol, 741, Pp. 336-339, (2014)"
PUB000013,127,Didigwu Ok
PUB000013,128,"Nnadi Co., Theoretical Drug-Likeness, Pharmacokinetic And Toxicities Of Phytotoxic Terpenoids From The Toxic Plants-Phytotoxins, Trop J Nat Prod Res, 8, 10, Pp. 8867-8873, (2024)"
PUB000013,129,Vaidyanathan R
PUB000013,130,Sreedevi Sm
PUB000013,131,Ravichandran K
PUB000013,132,Vinod Sm
PUB000013,133,Krishnan Yh
PUB000013,134,Babu Lk
PUB000013,135,Parthiban Ps
PUB000013,136,Basker L
PUB000013,137,Perumal T
PUB000013,138,Rajaraman V
PUB000013,139,Arumugam G
PUB000013,140,Rajendran K
PUB000013,141,"Mahalingam V., Molecular Docking Approach On The Binding Stability Of Derivatives Of Phenolic Acids (Dpas) With Human Serum Albumin (Hsa): Hydrogen-Bonding Versus Hydrophobic Interactions Or Combined Influences?, Jcis Open, 12, Pp. 1-16, (2023)"
PUB000013,142,"Spassov Ds., Binding Affinity Determination In Drug Design: Insights From Lock And Key, Induced Fit, Conformational Selection, And Inhibitor Trapping Models, Int J Mol Sci, 25, 13, Pp. 1-20, (2024)"
PUB000013,143,Amrulloh Lswf
PUB000013,144,Harmastuti N
PUB000013,145,Prasetiyo A
PUB000013,146,"Herowati R., Analysis Of Molecular Docking And Dynamics Simulation Of Mahogany (Swietenia Macrophylla King) Compounds Against The Plpro Enzyme SARS-CoV-2, J. Farm. Ilmu Kefarmasian Indones, 10, 3, Pp. 347-359, (2023)"
PUB000013,147,Fatriansyah Jf
PUB000013,148,Rizqillah Rk
PUB000013,149,Yandi My
PUB000013,150,Fadilah
PUB000013,151,"Sahlan M., Molecular Docking And Dynamics Studies On Propolis Sulabiroin-A As A Potential Inhibitor Of SARS-CoV-2, J. King Saud Univ Sci, 34, 1, Pp. 1-8, (2022)"
PUB000013,152,Hayward S
PUB000013,153,"Kitao A., Molecular Dynamics Simulations Of Nad+-Induced Domain Closure In Horse Liver Alcohol Dehydrogenase, Biophys J, 91, 5, Pp. 1823-1831, (2006)"
PUB000013,154,Majumder R
PUB000013,155,"Mandal M., Screening Of Plant-Based Natural Compounds As A Potential COVID-19 Main Protease Inhibitor: An In Silico Docking And Molecular Dynamics Simulation Approach, J Biomol Struct Dyn, 40, 2, (2022)"
PUB000013,156,Rudnev Vr
PUB000013,157,Nikolsky Ks
PUB000013,158,Petrovsky Dv
PUB000013,159,Kulikova Li
PUB000013,160,Kargatov Am
PUB000013,161,Malsagova Ka
PUB000013,162,Stepanov Aa
PUB000013,163,Kopylov At
PUB000013,164,Kaysheva Al
PUB000013,165,"Efimov Av., 3Β-Corner Stability By Comparative Molecular Dynamics Simulations, Int J Mol Sci, 23, 19, Pp. 1-13, (2022)"
PUB000013,166,Pace Cn
PUB000013,167,Scholtz Jm
PUB000013,168,"Grimsley Gr., Forces Stabilizing Proteins, Febs Lett, 588, 14, Pp. 2177-2184, (2014)"
PUB000013,169,Hanoush Da
PUB000013,170,Al-Auqaili Ah
PUB000013,171,Mansour M
PUB000013,172,"Ghosh A., Molecular Docking, Molecular Dynamic Simulation And Adme Of Some Plant Extracts And Their Effects On Covid19 Patients, Trop J Nat Prod Res, 6, 8, Pp. 1233-1240, (2022)"
PUB000014,1,Wang Y
PUB000014,2,Hussain M
PUB000014,3,Jiang Z
PUB000014,4,Wang Z
PUB000014,5,Gao J
PUB000014,6,Ye F
PUB000014,7,Mao R
PUB000014,8,"Li H., Aquilaria Species (Thymelaeaceae) Distribution, Volatile And Non-Volatile Phytochemicals, Pharmacological Uses, Agarwood Grading System, And Induction Methods, Molecules"
PUB000014,9,Chandrasekara A
PUB000014,10,"Josheph Kumar T., Roots And Tuber Crops As Functional Foods: A Review On Phytochemical Constituents And Their Potential Health Benefits, Int J Food Sci, 2016, (2016)"
PUB000014,11,Wang Hn
PUB000014,12,Dong Wh
PUB000014,13,Huang Sz
PUB000014,14,Li W
PUB000014,15,Kong Fd
PUB000014,16,Wang H
PUB000014,17,Wang J
PUB000014,18,Mei Wl
PUB000014,19,"Dai Hf., Three New Sesquiterpenoids From Agarwood Of Aquilaria Crassna, Fitoterapia, 114, Pp. 7-11, (2016)"
PUB000014,20,Lee Hy
PUB000014,21,Lee Js
PUB000014,22,Kim Hg
PUB000014,23,Kim Wy
PUB000014,24,Lee Sb
PUB000014,25,Choi Yh
PUB000014,26,"Son Cg., The Ethanol Extract Of Aquilariae Lignum Ameliorates Hippocampal Oxidative Stress In A Repeated Restraint Stress Mouse Model, Bmc Complement Altern Med, 17, (2017)"
PUB000014,27,Wang S
PUB000014,28,Yu Z
PUB000014,29,Wang C
PUB000014,30,Wu C
PUB000014,31,Guo P
PUB000014,32,"Wei J., Chemical Constituents And Pharmacological Activity Of Agarwood And Aquilaria Plants, Molecules, 23, (2018)"
PUB000014,33,Chen L
PUB000014,34,Liu Y
PUB000014,35,Li Y
PUB000014,36,Yin W
PUB000014,37,"Cheng Y., Anti-Cancer Effect Of Sesquiterpene And Triterpenoids From Agarwood Of Aquilaria Sinensis, Molecules, 27, (2022)"
PUB000014,38,Halliwell B
PUB000014,39,"Gutteridge Jmc., Free Radicals In Biology And Medicine, (2015)"
PUB000014,40,Suhardiman A
PUB000014,41,Ketut AI
PUB000014,42,Ika Ks
PUB000014,43,"Titin R., Activity Of Gaharu (Aquilaria Malaccensis Lam) Leaves Extract And Fraction As Herbal Drug Against Α-Glucosidase Inhibition, Int J Res Pharm Sci, 13, Pp. 35-41, (2022)"
PUB000014,44,Barkas F
PUB000014,45,Elisaf M
PUB000014,46,Liberopoulos E
PUB000014,47,Kalaitzidis R
PUB000014,48,"Liamis G., Uric Acid And Incident Chronic Kidney Disease In Dyslipidemic Individuals, Curr Med Res Opin, 34, Pp. 1193-1199, (2018)"
PUB000014,49,Sungthong B
PUB000014,50,Manok S
PUB000014,51,Sato H
PUB000014,52,"Sato Vh., Effects Of Aquilaria Crassna On Xanthine Oxidase Activity In Vitro And Hyperuricemic Mice, Indian J Pharm Sci, 78, Pp. 547-552, (2016)"
PUB000014,53,"Niessen Wma., Liquid Chromatography– Mass Spectrometry, (2006)"
PUB000014,54,"Smith Bc., Fundamentals Of Transform Fourier Spectroscopy Infrared, (2011)"
PUB000014,55,Aris S
PUB000014,56,Hana H
PUB000014,57,Asep R
PUB000014,58,"Aiyi A., Cytotoxic Activities Of Extract And Fraction Of Agarwood Leaves (Aquilaria Malaccensis Lam) As Herbal Medicine On Mcf-7 Cancer Cells, Int J Res Pharm Sci, 11, Pp. 1012-1018, (2020)"
PUB000014,59,Houghton .
PUB000014,60,"Raman A., Crude Fractionation, Labaratory Handb Fractionation Nat Extr, Pp. 54-55, (1998)"
PUB000014,61,Eissa Ma
PUB000014,62,Hashim Yzhy
PUB000014,63,Abdul Azziz Sss
PUB000014,64,Salleh Hm
PUB000014,65,Isa Mlm
PUB000014,66,Abd Warif Nm
PUB000014,67,Abdullah F
PUB000014,68,Ramadan E
PUB000014,69,"El-Kersh Dm., Phytochemical Constituents Of Aquilaria Malaccensis Leaf Extract And Their Anti-Inflammatory Activity Against Lps/Ifn-Γ-Stimulated Raw 264.7 Cell Line, Acs Omega, (2022)"
PUB000014,70,Juanda D
PUB000014,71,Fidrianny I
PUB000014,72,Wirasutisna Kr
PUB000014,73,"Insanu M., Evaluation Of Xanthine Oxidase Inhibitory And Antioxidant Activities Of Three Organs Of Idat (Cratoxylum Glaucum Korth.) And Correlation With Phytochemical Content, Pharmacogn J, 13, Pp. 971-976, (2021)"
PUB000014,74,Eissa Ma
PUB000014,75,Hashim Yzhy
PUB000014,76,Mohd Nasir Mh
PUB000014,77,Nor Ya
PUB000014,78,Salleh Hm
PUB000014,79,Isa Mlm
PUB000014,80,Abd-Azziz Sss
PUB000014,81,Abd Warif Nm
PUB000014,82,Ramadan E
PUB000014,83,"Badawi Nm., Fabrication And Characterization Of Agarwood Extract-Loaded Nanocapsules And Evaluation Of Their Toxicity And Anti-Inflammatory Activity On Raw 264.7 Cells And In Zebrafish Embryos, Drug Deliv, 28, Pp. 2618-2633, (2021)"
PUB000014,84,Aris S
PUB000014,85,Asep R
PUB000014,86,Dewi K
PUB000014,87,"Aiyi A., Cytotoxic Test Of Fraction Of Gaharu Leaves (Aquilaria Malaccensis) On Cervic Cancer Cells (Hela Cells) Using Mtt Assay Method, Int J Res Pharm Sci, 12, Pp. 1624-1631, (2021)"
PUB000014,88,Dahham Ss
PUB000014,89,Tabana Ym
PUB000014,90,Iqbal Ma
PUB000014,91,Ahamed Mbk
PUB000014,92,Ezzat Mo
PUB000014,93,Majid Asa
PUB000014,94,"Majid Amsa., The Anticancer, Antioxidant And Antimicrobial Properties Of The Sesquiterpene Βcaryophyllene From The Essential Oil Of Aquilaria Crassna, Molecules, 20, Pp. 11808-11829, (2015)"
PUB000014,95,Batubara R
PUB000014,96,Wirjosentono B
PUB000014,97,Siregar Ah
PUB000014,98,Harahap U
PUB000014,99,"Tamrin, Chemical Compounds And Antioxidant Potential In Hot Water Extract Of Cultivated Agarwood (Aquilaria Malaccensis) Lamk Leaves, Iop Conf Ser Earth Environ Sci, 830, (2021)"
PUB000014,100,Houghton Pj
PUB000014,101,"Raman A., Chromatographic Fractionation Procedures, Lab Handb Fractionation Nat Extr, Pp. 66-81, (1998)"
PUB000014,102,"Kowalska T., Botanicals – Its Versatile Potential And Selected Applications, Molecules, 27, (2022)"
PUB000014,103,Riley R
PUB000014,104,"Chapman V., Antioxidant, Nature, Pp. 1199-1200, (1958)"
PUB000014,105,"Abou Baker Dh., An Ethnopharmacological Review On The Therapeutical Properties Of Flavonoids And Their Mechanisms Of Actions: A Comprehensive Review Based On Up To Date Knowledge, Toxicol Reports, 9, Pp. 445-469, (2022)"
PUB000014,106,Matic P
PUB000014,107,Sabljic M
PUB000014,108,"Jakobek L., Validation Of Spectrophotometric Methods For The Determination Of Total Polyphenol And Total Flavonoid Content, J Aoac Int, 100, Pp. 1795-1803, (2017)"
PUB000014,109,Batubara R
PUB000014,110,Wirjosentono B
PUB000014,111,Siregar Ah
PUB000014,112,Harahap U
PUB000014,113,"Tamrin, Bioactive Compounds Of Ethanol Extract From Agarwood Leaves (Aquilaria Malaccensis) And Antimicrobial Activity Against Bacteria And Fungi Growing On The Skin, Biodiversitas, 22, Pp. 2884-2890, (2021)"
PUB000014,114,Xue H
PUB000014,115,Xu M
PUB000014,116,Gong D
PUB000014,117,"Zhang G., Mechanism Of Flavonoids Inhibiting Xanthine Oxidase And Alleviating Hyperuricemia From Structure–Activity Relationship And Animal Experiments: A Review, Food Front, 4, Pp. 1643-1665, (2023)"
PUB000014,118,Okolie Np
PUB000014,119,Falodun A
PUB000014,120,"Davids O., Evaluation Of The Antioxidant Activity Of Root Extract Of Pepper Fruit (Dennetia Tripetala), And It’S Potential For The Inhibition Of Lipid Peroxidation, African J Tradit Complement Altern Med, 11, Pp. 221-227, (2014)"
PUB000014,121,Rasouli H
PUB000014,122,Hosseini-Ghazvini Smb
PUB000014,123,Adibi H
PUB000014,124,"Khodarahmi R., Differential Α-Amylase/Α-Glucosidase Inhibitory Activities Of Plant-Derived Phenolic Compounds: A Virtual Screening Perspective For The Treatment Of Obesity And Diabetes, Food Funct, 8, Pp. 1942-1954, (2017)"
PUB000014,125,Bolognesi A
PUB000014,126,Bortolotti M
PUB000014,127,Battelli Mg
PUB000014,128,"Polito L., Hyperuricaemia, Xanthine Oxidoreductase And Ribosomeinactivating Proteins From Plants: The Contributions Of Fiorenzo Stirpe To Frontline Research, Molecules, 22, (2017)"
PUB000014,129,Hofman P
PUB000014,130,Venissac N
PUB000014,131,Hofman V
PUB000014,132,"Mouroux J., Molecular Modeling Of Flavonoids That Inhibits Xanthine Oxidase, Biochem Biophys Res Commun, 27, Pp. 167-172, (2002)"
PUB000014,133,Aziz Numan
PUB000014,134,"Jamil Rt., Biochemistry, Xanthine Oxidase, (2023)"
PUB000014,135,Kapoor N
PUB000014,136,"Saxena S., Potential Xanthine Oxidase Inhibitory"
PUB000014,137,Jovic Md
PUB000014,138,Agatonovic-Kustrin S
PUB000014,139,"Ristivojevic Pm, Trifković Activity Of Endophytic Lasiodiplodia Pseudotheobromae, Appl Biochem Biotechnol, 173, Pp. 1360-1374, (2014)"
PUB000014,140,Yan H
PUB000014,141,Li L
PUB000014,142,Jiang X
PUB000014,143,Li S
PUB000014,144,Chang Z
PUB000014,145,Fei X
PUB000014,146,"Li Z., Studies On The Anti-Gouty Arthritis And Anti-Hyperuricemia Properties Of Astilbin In Animal Models, Open Chem, 18, Pp. 207-214, (2020)"
PUB000014,147,"Fam Ag., Difficult Gout And New Approaches For Control Of Hyperuricemia In The Allopurinol-Allergic Patient, Curr Rheumatol Rep, 3, Pp. 29-35, (2001)"
PUB000014,148,Shen M
PUB000014,149,Zhang J
PUB000014,150,Qian K
PUB000014,151,Li C
PUB000014,152,Xu W
PUB000014,153,Gu B
PUB000014,154,Wang X
PUB000014,155,Ren Q
PUB000014,156,Yang L
PUB000014,157,Yuan H
PUB000014,158,Su D
PUB000014,159,"Chen X., Febuxostat In The Treatment Of Gout Patients With Low Serum Uric Acid Level: 1-Year Finding Of Efficacy And Safety Study, Clin Rheumatol, 37, Pp. 3107-3113, (2018)"
PUB000014,160,"Emerson Rw., Anova Assumptions, J Vis Impair Blind, 116, Pp. 585-586, (2022)"
PUB000014,161,Eissa Ma
PUB000014,162,Hashim Yzhy
PUB000014,163,El-Kersh Dm
PUB000014,164,Abd-Azziz Sss
PUB000014,165,Salleh Hm
PUB000014,166,Isa Mlm
PUB000014,167,"Warif Nma., Metabolite Profiling Of Aquilaria Malaccensis Leaf Extract Using Liquid Chromatography-Q-Tof-Mass Spectrometry And Investigation Of Its Potential Antilipoxygenase Activity In-Vitro, Processes, 8, (2020)"
PUB000014,168,Li Q
PUB000014,169,Wei P
PUB000014,170,Li Y
PUB000014,171,"Fu Y., Optimization Of Extraction Process And Analysis Of Biological Activity Of Flavonoids From Leaves Of Cultivated ‘Qi-Nan’ Agarwood, Molecules, 29, (2024)"
PUB000014,172,Wisutthathum S
PUB000014,173,Kamkaew N
PUB000014,174,Inchan A
PUB000014,175,Chatturong U
PUB000014,176,Paracha Tu
PUB000014,177,Ingkaninan K
PUB000014,178,Wongwad E
PUB000014,179,"Chootip K., Extract Of Aquilaria Crassna Leaves And Mangiferin Are Vasodilators While Showing No Cytotoxicity, J Tradit Complement Med, 9, Pp. 237-242, (2019)"
PUB000014,180,Chen L
PUB000014,181,Teng H
PUB000014,182,Xie Z
PUB000014,183,Cao H
PUB000014,184,Cheang Ws
PUB000014,185,Skalicka-Woniak K
PUB000014,186,Georgiev Mi
PUB000014,187,"Xiao J., Modifications Of Dietary Flavonoids Towards Improved Bioactivity: An Update On Structure–Activity Relationship, Crit Rev Food Sci Nutr, 58, Pp. 513-527, (2018)"
PUB000014,188,Chawla G
PUB000014,189,"Ranjan C., Principle, Instrumentation, And Applications Of Uplc: A Novel Technique Of Liquid Chromatography, Open Chem J, 3, Pp. 1-16, (2016)"
PUB000014,190,Falodun A
PUB000014,191,Siraj R
PUB000014,192,"Choudhary Mi., Gc-Ms Analysis Of Insecticidal Leaf Essential Oil Of Pyrenacantha Staudtii Hutch And Dalz (Icacinaceae), Trop J Pharm Res, 8, Pp. 139-143, (2009)"
PUB000014,193,Jamahseri Nf
PUB000014,194,Rodhi Mnm
PUB000014,195,Zulkarnaini N.
PUB000014,196,Husain Nc
PUB000014,197,"Masruddin Afs., Ftir Analysis Of Phenolic Compound As Pancreatic Lipase Inhibitor From Inoculated Aquilaria Malaccensis, Malaysian J Anal Sci, 18, Pp. 683-689, (2014)"
PUB000015,1,Mustafa Ms
PUB000015,2,Rasotgi V
PUB000015,3,Jain S
PUB000015,4,"Gupta V., Discovery Of Fifth Serotype Of Dengue Virus (Denv-5): A New Public Health Dilemma In Dengue Control, Med J Armed Forces India, 71, 1, Pp. 67-70, (2015)"
PUB000015,5,Harapan H
PUB000015,6,Michie A
PUB000015,7,Mudatsir M
PUB000015,8,Sasmono Rt
PUB000015,9,"Imrie A., Epidemiology Of Dengue Hemorrhagic Fever In Indonesia: Analysis Of Five Decades Of Data From The National Disease Surveillance, Bmc Res Notes, 12, 1, (2019)"
PUB000015,10,Wartel Ta
PUB000015,11,Prayitno A
PUB000015,12,Hadinegoro Srs
PUB000015,13,Capeding Mr
PUB000015,14,Thisyakorn U
PUB000015,15,"Tran Nh, Three Decades Of Dengue Surveillance In Five Highly Endemic South East Asian Countries, Asia Pacific J Public Heal, 29, 1, Pp. 7-16, (2017)"
PUB000015,16,Aryati A
PUB000015,17,Wrahatnala Bj
PUB000015,18,Yohan B
PUB000015,19,Fanny M
PUB000015,20,Hakim Fkn
PUB000015,21,"Sunari Ep, Dengue Virus Serotype 4 Is Responsible For The Outbreak Of Dengue In East Java City Of Jember, Indonesia, Viruses, 12, 9, (2020)"
PUB000015,22,Ernst T
PUB000015,23,Mccarthy S
PUB000015,24,Chidlow G
PUB000015,25,Luang-Suarkia D
PUB000015,26,Holmes Ec
PUB000015,27,"Smith Dw, Emergence Of A New Lineage Of Dengue Virus Type 2 Identified In Travelers Entering Western Australia From Indonesia, 2010-2012, Plos Negl Trop Dis, 9, 1, (2015)"
PUB000015,28,Balingit Jc
PUB000015,29,Denis D
PUB000015,30,Suzuki R
PUB000015,31,Hayati Rf
PUB000015,32,Ngwe Tun Mm
PUB000015,33,"Takamatsu Y, Impact Of Pre-Existing Cross-Reactive Antibodies On Cyclic Dengue Outbreaks In The Hyperendemic Region Of Bali, Indonesia, Virus Res, 348, (2024)"
PUB000015,34,Nasar S
PUB000015,35,Rashid N
PUB000015,36,"Iftikhar S., Dengue Proteins With Their Role In Pathogenesis, And Strategies For Developing An Effective Anti-Dengue Treatment: A Review, J Med Virol, 92, 8, Pp. 941-955, (2020)"
PUB000015,37,Aynekulu Mersha Dg
PUB000015,38,Van Der Sterren I
PUB000015,39,Van Leeuwen Lpm
PUB000015,40,Langerak T
PUB000015,41,Hakim Ms
PUB000015,42,"Martina B, The Role Of Antibody-Dependent Enhancement In Dengue Vaccination, Trop Dis Travel Med Vaccines, 10, 1, (2024)"
PUB000015,43,Teo A
PUB000015,44,Tan Hd
PUB000015,45,Loy T
PUB000015,46,Chia Py
PUB000015,47,"Chua Cll., Understanding Antibody-Dependent Enhancement In Dengue: Are Afucosylated Igg1S A Concern?, Plos Pathog, 19, 3, (2023)"
PUB000015,48,Lee Mf
PUB000015,49,Long Cm
PUB000015,50,"Poh Cl., Current Status Of The Development Of Dengue Vaccines, Vaccine X, 22, (2025)"
PUB000015,51,Saleh Msm
PUB000015,52,"Kamisah Y., Potential Medicinal Plants For The Treatment Of Dengue Fever And Severe Acute Respiratory Syndrome-Coronavirus, Biomolecules, 11, 1, (2020)"
PUB000015,53,Altamish M
PUB000015,54,Khan M
PUB000015,55,Baig Ms
PUB000015,56,Pathak B
PUB000015,57,Rani V
PUB000015,58,"Akhtar J, Therapeutic Potential Of Medicinal Plants Against Dengue Infection: A Mechanistic Viewpoint, Acs Omega, 7, 28, Pp. 24048-24065, (2022)"
PUB000015,59,Reynolds D
PUB000015,60,Huesemann M
PUB000015,61,Edmundson S
PUB000015,62,Sims A
PUB000015,63,Hurst B
PUB000015,64,"Cady S, Viral Inhibitors Derived From Macroalgae, Microalgae, And Cyanobacteria: A Review Of Antiviral Potential Throughout Pathogenesis, Algal Res, 57, (2021)"
PUB000015,65,Islam Mm
PUB000015,66,Pal S
PUB000015,67,Hossain Mm
PUB000015,68,Mozumder Mmh
PUB000015,69,"Schneider P., Coastal Ecosystem Services, Social Equity, And Blue Growth: A Case Study From South-Eastern Bangladesh, J Mar Sci Eng, 8, 10, (2020)"
PUB000015,70,Gilang Qur'Ani C
PUB000015,71,Lee B
PUB000015,72,Sasmito Sd
PUB000015,73,Maulana Am
PUB000015,74,Seol M
PUB000015,75,"Wiradana Pa, Natural And Anthropogenic Impacts On Mangrove Carbon Dynamics: A Systematic Review Protocol, Forest Sci Technol, Pp. 1-7, (2023)"
PUB000015,76,Adeleye Oa
PUB000015,77,Bamiro Oa
PUB000015,78,Bakre Lg
PUB000015,79,Odeleye Fo
PUB000015,80,Adebowale Mn
PUB000015,81,"Okunye Ol, Medicinal Plants With Potential Inhibitory Bioactive Compounds Against Coronaviruses, Adv Pharm Bull, (2021)"
PUB000015,82,Islam Ms
PUB000015,83,Islam Mt
PUB000015,84,Washim Mr
PUB000015,85,Haque At
PUB000015,86,Haque Mi
PUB000015,87,"Islam Hr, Antioxidant Potentials Of Acanthus Ilicifolius Leaves From The Southwest Coastal Region Of Bangladesh, Food Chem Adv, 5, (2024)"
PUB000015,88,Naher K
PUB000015,89,Moniruzzaman M
PUB000015,90,Islam S
PUB000015,91,Hasan A
PUB000015,92,Paul Gk
PUB000015,93,"Jabin T, Evaluation Of Biological Activity And In Silico Molecular Docking Studies Of Acanthus Ilicifolius Leaf Extract Against Four Multidrug-Resistant Bacteria, Informatics Med Unlocked, 33, (2022)"
PUB000015,94,Pothiraj C
PUB000015,95,Balaji P
PUB000015,96,Shanthi R
PUB000015,97,Gobinath M
PUB000015,98,Suresh Babu R
PUB000015,99,"Munirah Aa-D, Evaluating Antimicrobial Activities Of Acanthus Ilicifolius L. And Heliotropium Curassavicum L Against Bacterial Pathogens: An In-Vitro Study, J Infect Public Health, 14, 12, Pp. 1927-1934, (2021)"
PUB000015,100,Shahidi F
PUB000015,101,"Zhong Y., Novel Antioxidants In Food Quality Preservation And Health Promotion, Eur J Lipid Sci Technol, 112, 9, Pp. 930-940, (2010)"
PUB000015,102,Zhang T
PUB000015,103,Tian Y
PUB000015,104,Jiang B
PUB000015,105,Miao M
PUB000015,106,"Mu W., Purification, Preliminary Structural Characterization And In Vitro Antioxidant Activity Of Polysaccharides From Acanthus Ilicifolius, Lwt-Food Sci Technol, 56, 1, Pp. 9-14, (2014)"
PUB000015,107,Zhang M-Q
PUB000015,108,Ren X
PUB000015,109,Zhao Q
PUB000015,110,Yue S-J
PUB000015,111,Fu X-M
PUB000015,112,"Li X, Hepatoprotective Effects Of Total Phenylethanoid Glycosides From Acanthus Ilicifolius L. Against Carbon Tetrachloride-Induced Hepatotoxicity, J Ethnopharmacol, 256, (2020)"
PUB000015,113,Murugesan R
PUB000015,114,Vasuki K
PUB000015,115,Ramadevi S
PUB000015,116,"Kaleeswaran B., Rosmarinic Acid: Potential Antiviral Agent Against Dengue Virus-In Silico Evaluation, Intell Pharm, 2, 4, Pp. 528-539, (2024)"
PUB000015,117,Roney M
PUB000015,118,Dubey A
PUB000015,119,Zamri Nb
PUB000015,120,"Fasihi Mohd Aluwi Mf., Inhibitory Effect Targetistructuserotyassess"
PUB000015,121,"Li Y, Js, Licompplant Chem"
PUB000015,122,"Nhuong Mai, Phenolacantchem, 10"
PUB000015,123,Singh And Pacantbioalli2013
PUB000015,124,"Firdau R., Aactivitflower"
PUB000015,125,Wei P-Su Q-Alcohoilicifolb Viruethnofeb
PUB000015,126,Ansori Proboningrat A
PUB000015,127,Antonius Y
PUB000015,128,Hayaza S
PUB000015,129,"Susilo Rjk, Novel Antiviral Investigation Of Annona Squamosa Leaf Extract Against The Dengue Virus Type-2: In Vitro Study, Pharmacogn J, 13, 2, Pp. 456-462, (2021)"
PUB000015,130,Sene M
PUB000015,131,Xia Y
PUB000015,132,"Kamen Aa., Overview Of Recent Advances In Vero Cells Genomic Characterization And Engineering For High-Throughput Vaccine Manufacturing, Clin Transl Discov, 2, 2, (2022)"
PUB000015,133,Widiastuti Nk
PUB000015,134,Virginia Nm
PUB000015,135,Fery Yastawan Im
PUB000015,136,Ayu Putri Permatasari Aa
PUB000015,137,Wiradana Pa
PUB000015,138,"Widhiantara Ig, Cytotoxicity Evaluation Of Erythrina Lithosperma Miq. Leaf Extract Against Vero Cell Lines: In Vitro Study, Res J Pharm Technol, 16, Pp. 153-158, (2023)"
PUB000015,139,Kuncorojakti S
PUB000015,140,Delaiah D
PUB000015,141,Aswin A
PUB000015,142,Puspitasari Y
PUB000015,143,Damayanti Y
PUB000015,144,"Susilowati H, Development Of Peptone-Based Serum-Free Media To Support Vero Ccl-81 Cell Proliferation And Optimize Sars-Cov2 Viral Production, Heliyon, 10, 24, (2024)"
PUB000015,145,Maheswaran H
PUB000015,146,Djearamane S
PUB000015,147,Tanislaus Antony Dhanapal Ac
PUB000015,148,"Wong Ls., Cytotoxicity Of Green Synthesized Zinc Oxide Nanoparticles Using Musa Acuminata On Vero Cells, Heliyon, 10, 11, (2024)"
PUB000015,149,Permatasari Aaap
PUB000015,150,Wiradana Pa
PUB000015,151,Sari Nky
PUB000015,152,Widhiantara Ig
PUB000015,153,Rosiana Iw
PUB000015,154,"Sandhika Imgs, Antioxidant Capacity, Cytotoxicity, And Bacterial Contamination Of Brown Macroalgae Simplicia, J Pengolah Has Perikan Indones, 27, 10, (2024)"
PUB000015,155,Suwasanti N
PUB000015,156,Tedyanto Cp
PUB000015,157,Sutandhio S
PUB000015,158,"Sucipto Th., In Vitro Antiviral Activity Of Dried Red Jujube Fruit (Ziziphus Jujuba) Ethanol Extract Against Denv-2, Pharmacogn J, 16, 5, Pp. 1047-1050, (2024)"
PUB000015,159,Panwong S
PUB000015,160,Phinyo K
PUB000015,161,Duangjan K
PUB000015,162,Sattayawat P
PUB000015,163,Pekkoh J
PUB000015,164,"Tragoolpua Y, Inhibition Of Dengue Virus Infection In Vitro By Fucoidan And Polysaccharide Extract From Marine Alga Sargassum Spp, Int J Biol Macromol, 276, (2024)"
PUB000015,165,Munezero Pc
PUB000015,166,Handunnetti S
PUB000015,167,Fernando N
PUB000015,168,Ranaweera L
PUB000015,169,Hapuarachchi Sd
PUB000015,170,"Nyamweya Bm, Preliminary Study On The Effect Of Munronia Pinnata (Wall) Theob. (Meliaceae) Aqueous Extract On Functional Change In Endothelial Cells Infected By Dengue Virus, Sci African, 21, (2023)"
PUB000015,171,Lin X
PUB000015,172,Li X
PUB000015,173,"Lin X., A Review On Applications Of Computational Methods In Drug Screening And Design, Molecules, 25, 6, (2020)"
PUB000015,174,Khan T
PUB000015,175,Alam M
PUB000015,176,Akhunzada A
PUB000015,177,Hur A
PUB000015,178,Asif M
PUB000015,179,"Khan Mk., Towards Augmented Proactive Cyberthreat Intelligence, J Parallel Distrib Comput, 124, Pp. 47-59, (2019)"
PUB000015,180,Piscopo M
PUB000015,181,Tenore Gc
PUB000015,182,Notariale R
PUB000015,183,Maresca V
PUB000015,184,Maisto M
PUB000015,185,"De Ruberto F, Antimicrobial And Antioxidant Activity Of Proteins From Feijoa Sellowiana Berg. Fruit Before And After In Vitro Gastrointestinal Digestion, Nat Prod Res, 34, 18, Pp. 2607-2611, (2020)"
PUB000015,186,Shimizu H
PUB000015,187,Saito A
PUB000015,188,Mikuni J
PUB000015,189,Nakayama Ee
PUB000015,190,Koyama H
PUB000015,191,"Honma T, Discovery Of A Small Molecule Inhibitor Targeting"
PUB000015,192,Herdiansyah Ma
PUB000015,193,Rizaldy R
PUB000015,194,Alifiansyah Mr
PUB000015,195,Fetty Aj
PUB000015,196,Anggraini D
PUB000015,197,"Agustina N, Molecular Interaction Analysis Of Ferulic Acid (4-Hydroxy-3-Methoxycinnamic Acid) As Main Bioactive Compound From Palm Oil Waste Against Mcf-7 Receptors: An In Silico Study, Narra J, 4, 2, (2024)"
PUB000015,198,Alifiansyah Mrt
PUB000015,199,Herdiansyah Ma
PUB000015,200,Pratiwi Rc
PUB000015,201,Pramesti Rp
PUB000015,202,Hafsyah Nw
PUB000015,203,"Rania Ap, Qsar Of Acyl Alizarin Red Biocompound Derivatives Of Rubia Tinctorum Roots And Its Admet Properties As Anti-Breast Cancer Dengue Virus Ns5 RNA-Dependent RNA Polymerase, Plos Negl Trop Dis, 13, 11, (2019)"
PUB000015,204,Abutaha N
PUB000015,205,"Almutairi Bo., Exploring The Therapeutic Potential Of Gc–Ms Separated Compounds From Dracaena Cinnabari Against Dengue Virus And Aedes Aegypti Using In Silico Tools, J King Saud Univ-Sci [Internet], 35, 2, Pp. 102478-20, (2023)"
PUB000015,206,Anjum S
PUB000015,207,Gani A
PUB000015,208,Ahmad M
PUB000015,209,Shah A
PUB000015,210,Masoodi Fa
PUB000015,211,"Shah Y, Antioxidant And Antiproliferative Activity Of Walnut Extract ( Juglans Regia L.) Processed By Different Methods And Identification Of Compounds Using Gc/Ms And Lc/Ms Technique, J Food Process Preserv, 41, 1, (2017)"
PUB000016,1,Chang My
PUB000016,2,Cheng Yc
PUB000016,3,Hsu Sh
PUB000016,4,Ma Tl
PUB000016,5,Chou Lf
PUB000016,6,Hsu Hh
PUB000016,7,Tian Yc
PUB000016,8,Chen Yc
PUB000016,9,Sun Yj
PUB000016,10,Hung Cc
PUB000016,11,Pan Rl
PUB000016,12,"Yang Cw., Leptospiral Outer Membrane Protein Lipl32 Induces Inflammation And Kidney Injury In Zebrafish Larvae, Sci. Rep, 6, (2016)"
PUB000016,13,Ciurariu E
PUB000016,14,Prodanbarbulescu C
PUB000016,15,Mateescu Dm
PUB000016,16,Tutac P
PUB000016,17,Sorop Vb
PUB000016,18,Susan M
PUB000016,19,"Varga Ni., Diagnostic Advances In Leptospirosis: A Comparative Analysis Of Paraclinical Tests With A Focus On Pcr, Microorganisms, 13, 3, (2025)"
PUB000016,20,Costa F
PUB000016,21,Hagan Je
PUB000016,22,Calcagno J
PUB000016,23,Kane M
PUB000016,24,Torgerson P
PUB000016,25,Martinezsilveira Ms
PUB000016,26,Stein C
PUB000016,27,Abelaridder B
PUB000016,28,"Ko AI., Global Morbidity And Mortality Of Leptospirosis: A Systematic Review, Plos Negl. Trop. Dis, 9, 9, (2015)"
PUB000016,29,Darmawati S
PUB000016,30,Ethica Sn
PUB000016,31,Prastiyanto Me
PUB000016,32,Depamede Sn
PUB000016,33,Putri Eo
PUB000016,34,"Kamaruddin M., Molecular Characterization Of A 42 Kda Subunit Pili Protein Of Salmonella Typhi Causes Typhoid Fever, Biodiversitas, 23, 2, Pp. 962-968, (2022)"
PUB000016,35,Dhawan S
PUB000016,36,Althaus T
PUB000016,37,Lubell Y
PUB000016,38,Suwancharoen D
PUB000016,39,"Blacksell Sd., Evaluation Of The Panbio Leptospira Igm Elisa Among Outpatients Attending Primary Care In Southeast Asia, Am. J. Trop. Med. Hyg, 104, 5, Pp. 1777-1781, (2021)"
PUB000016,40,Dreyfus A
PUB000016,41,Ruf Mt
PUB000016,42,Goris M
PUB000016,43,Poppert S
PUB000016,44,Mayerscholl A
PUB000016,45,Loosli N
PUB000016,46,Bier Ns
PUB000016,47,Paris Dh
PUB000016,48,Tshokey T
PUB000016,49,Stenos J
PUB000016,50,Rajaonarimirana E
PUB000016,51,Concha G
PUB000016,52,Orozco J
PUB000016,53,Colorado J
PUB000016,54,Aristizabal A
PUB000016,55,Dib Jc
PUB000016,56,"Kann S., Comparison Of The Serion Igm Elisa And Microscopic Agglutination Test For Diagnosis Of Leptospira Spp. Infections, Plos Negl. Trop. Dis, 16, 6, (2022)"
PUB000016,57,"Faine S., Guidelines For The Control Of Leptospirosis, (1982)"
PUB000016,58,"Franjinc S., Solubility And Immunity, Mathews J. Immunol. Allergy, 9, 1, (2025)"
PUB000016,59,Fu H
PUB000016,60,Liang Y
PUB000016,61,Zhong X
PUB000016,62,Pan Zl
PUB000016,63,Huang L
PUB000016,64,Zhang Hl
PUB000016,65,Xu Y
PUB000016,66,Zhou W
PUB000016,67,"Liu Z., Codon Optimization With Deep Learning To Enhance Protein Expression, Sci. Rep, 10, 1, (2020)"
PUB000016,68,Gangadhar Cg
PUB000016,69,Rohit Bk
PUB000016,70,"Basappa Bk., In Silico Characterization Of Betagalactosidase Using Computational Tools, J. Bioinform. Seq. Anal, 8, 1, Pp. 1-11, (2016)"
PUB000016,71,Guan Y
PUB000016,72,Zhu Q
PUB000016,73,Huang D
PUB000016,74,Zhao S
PUB000016,75,Lo Lj
PUB000016,76,"Pen J., An Equation To Estimate The Difference Between Theoretically Predicted And Sds Pagedisplayed Molecular Weights For An Acidic Peptide, Sci. Rep, 5, (2015)"
PUB000016,77,Gunawan Lt
PUB000016,78,Goretti M
PUB000016,79,"Purwanto M., Critical Aspects To Produce Lowcost Protein Molecular Weight Marker: A Review, Indonesian J. Biotechnol. Biodivers, 4, 2, Pp. 118-127, (2020)"
PUB000016,80,Hsu Sh
PUB000016,81,"Yang Cw., Insight Into The Structure, Functions, And Dynamics Of The Leptospira Outer Membrane Proteins With Pathogenicity, Membranes, 12, 3, (2022)"
PUB000016,82,Ji Z
PUB000016,83,Jian M
PUB000016,84,Su X
PUB000016,85,Pan Y
PUB000016,86,Duan Y
PUB000016,87,Ma W
PUB000016,88,Zhong L
PUB000016,89,Yang J
PUB000016,90,Song J
PUB000016,91,Wu X
PUB000016,92,Gao L
PUB000016,93,Kong J
PUB000016,94,Li B
PUB000016,95,Chen J
PUB000016,96,Liu M
PUB000016,97,Fan Y
PUB000016,98,Peng L
PUB000016,99,Dong Y
PUB000016,100,"Liu A., Efficacy And Safety Of Antibiotics For Treatment Of Leptospirosis: A Systematic Review And Network Metaanalysis, Syst. Rev, 13, 1, (2024)"
PUB000016,101,Mahmuda Inn
PUB000016,102,"Santi Tm., Clinical Diagnosis Of Leptospirosis With Negative Serology: Case Series Report, Int. J. Health Sci. Technol, 5, 2, Pp. 70-79, (2023)"
PUB000016,103,Monti G
PUB000016,104,Montes V
PUB000016,105,Tortosa P
PUB000016,106,Tejeda C
PUB000016,107,"Salgado M., Urine Shedding Patterns Of Pathogenic Leptospira Spp. In Dairy Cows, Vet. Res, 54, 1, (2023)"
PUB000016,108,Muhd Z
PUB000016,109,Khor Kh
PUB000016,110,"Lau Sf., Serology, Molecular And Bacteriology Of Leptospira Spp. Among Humans And Animals In Southeast Asia From 2011–2021: A Review, J. Vet. Malaysia, 36, 2, Pp. 13-30, (2024)"
PUB000016,111,Niloofa R
PUB000016,112,Fernando N
PUB000016,113,De Silva Nl
PUB000016,114,Karunanayake L
PUB000016,115,Wickramasinghe H
PUB000016,116,Dikmadugoda N
PUB000016,117,Premawansa G
PUB000016,118,Wickramasinghe R
PUB000016,119,De Silva Hj
PUB000016,120,Premawansa S
PUB000016,121,Rajapakse S
PUB000016,122,"Handunnetti S., Diagnosis Of Leptospirosis: Comparison Between Microscopic Agglutination Test, Igmelisa And Igm Rapid Immunochromatography Test, Plos One, 10, 6, (2015)"
PUB000016,123,Niloofa R
PUB000016,124,Karunanayake L
PUB000016,125,De Silva Hj
PUB000016,126,Premawansa S
PUB000016,127,Rajapakse S
PUB000016,128,"Handunnetti S., Development Of Inhouse Elisas As An Alternative Method For The Serodiagnosis Of Leptospirosis, Int. J. Infect. Dis, 105, Pp. 135-140, (2021)"
PUB000016,129,Peng P
PUB000016,130,Liu C
PUB000016,131,Li Z
PUB000016,132,Xue Z
PUB000016,133,Mao P
PUB000016,134,Hu J
PUB000016,135,Xu F
PUB000016,136,Yao C
PUB000016,137,"You M., Emerging Elisa Derived Technologies For In Vitro Diagnostics, Trac Trends Anal. Chem, 152, (2022)"
PUB000016,138,Rosa Mi
PUB000016,139,Dos Reis Mf
PUB000016,140,Simon C
PUB000016,141,Dondossola E
PUB000016,142,Alexandre Mc
PUB000016,143,Colonetti T
PUB000016,144,"Meller Fo., Igm Elisa For Leptospirosis Diagnosis: A Systematic Review And Metaanalysis, Cienc. Saude Colet, 22, 12, Pp. 4001-4012, (2017)"
PUB000016,145,Samakchan N
PUB000016,146,Thinwang P
PUB000016,147,"Boonyom R., Oral Immunization Of Rat With Chromosomal Expression Lipl32 In Attenuated Salmonella Vaccine Induces Immune Respond Against Pathogenic Leptospira, Clin. Exp. Vaccine Res, 10, 3, Pp. 217-228, (2021)"
PUB000016,148,Samrot Av
PUB000016,149,Sean Tc
PUB000016,150,Bhavya Ks
PUB000016,151,Sahithya Cs
PUB000016,152,Chandrasekaran S
PUB000016,153,Palanisamy R
PUB000016,154,Robinson Er
PUB000016,155,Subbiah Sk
PUB000016,156,"Mok Pl., Leptospiral Infection, Pathogenesis And Its Diagnosis: A Review, Pathogens, 10, 2, (2021)"
PUB000016,157,Silva Ka
PUB000016,158,Ribeiro Aj
PUB000016,159,Gandra Ib
PUB000016,160,Resende Caa
PUB000016,161,Da Silva Lopes L
PUB000016,162,Petit Couto Ca
PUB000016,163,"Galdino As., A Review On The Use Of Synthetic And Recombinant Antigens For The Immunodiagnosis Of Tegumentary Leishmaniasis, Curr. Med. Chem, 31, 30, Pp. 4763-4780, (2024)"
PUB000016,164,Steinparzer R
PUB000016,165,Duerlinger S
PUB000016,166,Schmoll F
PUB000016,167,Steinrigl A
PUB000016,168,Bago Z
PUB000016,169,Willixhofer D
PUB000016,170,Al Salem O
PUB000016,171,Takacs S
PUB000016,172,Knecht C
PUB000016,173,Renzhammer R
PUB000016,174,Schwendenwein I
PUB000016,175,Ladinig A
PUB000016,176,"Unterweger C., Leptospira Interrogans Serovar Icterohaemorrhagiae Failed To Establish Distinct Infection In Naïve Gilts: Lessons Learned From A Preliminary Experimental Challenge, Pathogens, 12, 1, (2023)"
PUB000016,177,Sumarningsih Tarigan S
PUB000016,178,"Susanti Kusmiyati, Recombinant Lipl32 Protein For Leptospirosis Detection In Indonesia, Procedia Chem, 18, Pp. 18-25, (2016)"
PUB000016,179,Susanti S
PUB000016,180,Sudarmono Pp
PUB000016,181,Dharmayanti Nlpi
PUB000016,182,"Yusuf Pa., Production And Characterization Of Immunoglobulin G Antirlipl32 Antibody As A Biomarker For The Diagnosis Of Leptospirosis, Vet. World, 17, 4, Pp. 871-879, (2024)"
PUB000016,183,Thongsukkaeng K
PUB000016,184,"Boonyom R., Development And Evaluation Of Latex Agglutination Test Coating With Recombinant Antigen, Lipl32 For Serodiagnosis Of Human Leptospirosis, J. Genet. Eng. Biotechnol, 16, 2, Pp. 441-446, (2018)"
PUB000016,185,Vedhagiri K
PUB000016,186,Velineni S
PUB000016,187,Timoney Jf
PUB000016,188,Shanmughapriya S
PUB000016,189,Vijayachari P
PUB000016,190,Narayanan R
PUB000016,191,"Natarajaseenivasan K., Detection Of Lipl32Specific Igm By Elisa In Sera Of Patients With A Clinical Diagnosis Of Leptospirosis, Pathog. Glob. Health, 107, 3, Pp. 130-135, (2013)"
PUB000016,192,Webster Gr
PUB000016,193,Teh Ayh
PUB000016,194,"Ma Jkc., Synthetic Gene Design—The Rationale For Codon Optimization And Implications For Molecular Pharming In Plants, Biotechnol. Bioeng, 114, 3, Pp. 492-502, (2017)"
PUB000016,195,Yaakob Y
PUB000016,196,Rodrigues Kf
PUB000016,197,"John Dv., Leptospirosis: Recent Incidents And Available Diagnostics—A Review, Med. J. Malaysia, 70, 6, Pp. 351-355, (2015)"
PUB000016,198,Yaakob Y
PUB000016,199,Rodrigues Kf
PUB000016,200,Opook F
PUB000016,201,William T
PUB000016,202,"John Dv., Recombinant Lipl32 Protein Developed Using A Synthetic Gene Detects Leptospiraspecific Antibodies In Human Serum Samples, Malays. J. Med. Sci, 24, 5, Pp. 44-51, (2017)"
PUB000016,203,Zhang R
PUB000016,204,Zhou W
PUB000016,205,Ye Q
PUB000016,206,Song S
PUB000016,207,Wang Y
PUB000016,208,Xu Y
PUB000016,209,"Zeng L., Comparative Genomic Analysis Of Chinese Human Leptospirosis Vaccine Strain And Circulating Isolate, Hum. Vaccines Immunother, 16, 6, Pp. 1345-1353, (2020)"
PUB000017,1,"Dipietro La., Wound Healing: The Role Of The Macrophage And Other Immune Cells, Shock, 4, 4, Pp. 233-240, (1995)"
PUB000017,2,Krzyszczyk P
PUB000017,3,Schloss R
PUB000017,4,Palmer A
PUB000017,5,"Berthiaume F., The Role Of Macrophages In Acute And Chronic Wound Healing And Interventions To Promote Pro-Wound Healing Phenotypes, Front Physiol, 9, (2018)"
PUB000017,6,Koh Tj
PUB000017,7,"Dipietro La., Inflammation And Wound Healing: The Role Of The Macrophage, Expert Rev Mol Med, 13, (2011)"
PUB000017,8,Gao X
PUB000017,9,Lu C
PUB000017,10,Miao Y
PUB000017,11,Ren J
PUB000017,12,"Cai X., Role Of Macrophage Polarisation In Skin Wound Healing, Int Wound J, 20, 7, Pp. 2551-2562, (2023)"
PUB000017,13,"Al Sadoun H., Macrophage Phenotypes In Normal And Diabetic Wound Healing And Therapeutic Interventions, Cells, 11, 15, (2022)"
PUB000017,14,Hassanshahi A
PUB000017,15,Moradzad M
PUB000017,16,Ghalamkari S
PUB000017,17,Fadaei M
PUB000017,18,Cowin Aj
PUB000017,19,"Hassanshahi M., Macrophage-Mediated Inflammation In Skin Wound Healing, Cells, 11, 19, (2022)"
PUB000017,20,Rahavian Ah
PUB000017,21,Hazrati E
PUB000017,22,Azar Da
PUB000017,23,Allameh F
PUB000017,24,Hojjati Sa
PUB000017,25,Javanmard B
PUB000017,26,"Hamidi R., Using Dried Human Amniotic Membrane In Secondary Intention Wound Healing After Urological Cancer Surgery: The First Randomized Clinical Trial In Iran, Int J Cancer Manag, 14, 5, (2021)"
PUB000017,27,Subhan Bs
PUB000017,28,Kwong J
PUB000017,29,Kuhn Jf
PUB000017,30,Monas A
PUB000017,31,Sharma S
PUB000017,32,"Rabbani Ps., Amniotic Fluid-Derived Multipotent Stromal Cells Drive Diabetic Wound Healing Through Modulation Of Macrophages, J Transl Med, 19, 1, (2021)"
PUB000017,33,Ebrahimi L
PUB000017,34,Samadikuchaksaraei A
PUB000017,35,Joghataei Mt
PUB000017,36,Safa M
PUB000017,37,Abtahi Froushani Sm
PUB000017,38,Ghasemian M
PUB000017,39,Zolfaghari S
PUB000017,40,Mozafari M
PUB000017,41,"Brouki Mp., Transplantation Of Decellularised Human Amniotic Membranes Seeded With Mesenchymal Stem Celleducated Macrophages Into Animal Models, J Biomed Mater Res B Appl Biomater, 110, 7, Pp. 1637-1650, (2022)"
PUB000017,42,Correa Meab
PUB000017,43,"Silveira Pcl., Amniotic Membrane In Wound Healing: New Perspectives, J Wound Care, 33, 8, Pp. 612-616, (2024)"
PUB000017,44,Russo A
PUB000017,45,Bonci P
PUB000017,46,"Bonci P., The Effects Of Different Preservation Processes On The Total Protein And Growth Factor Content In A New Biological Product Developed From Human Amniotic Membrane, Cell Tissue Bank, 13, 3, Pp. 353-361, (2012)"
PUB000017,47,"Hawkins B., The Use Of Micronized Dehydrated Human Amnion/Chorion Membrane Allograft For The Treatment Of Diabetic Foot Ulcers: A Case Series, Wounds, 28, 5, Pp. 152-157, (2016)"
PUB000017,48,Murphy Sv
PUB000017,49,Skardal A
PUB000017,50,Nelson Ra
PUB000017,51,Sunnon K
PUB000017,52,Reid T
PUB000017,53,Clouse C
PUB000017,54,Kock Nd
PUB000017,55,Jackson J
PUB000017,56,Soker S
PUB000017,57,"Atala A., Amnion Membrane Hydrogel And Amnion Membrane Powder Accelerate Wound Healing In A Full Thickness Porcine Skin Wound Model, Stem Cells Transl Med, 9, 1, Pp. 80-92, (2020)"
PUB000017,58,Biagioni Rb
PUB000017,59,Carvalho Bv
PUB000017,60,Manzioni R
PUB000017,61,Matielo Mf
PUB000017,62,Brochado Nfc
PUB000017,63,"Sacilotto R., Smartphone Application For Wound Area Measurement In Clinical Practice, J Vasc Surg Cases Innov Tech, 7, 2, Pp. 258-261, (2021)"
PUB000017,64,Dipietro La
PUB000017,65,Polverini Pj
PUB000017,66,Rahbe Sm
PUB000017,67,"Kovacs Ej., Modulation Of Je/Mcp-1 Expression In Dermal Wound Repair, Am J Pathol, 146, 4, Pp. 868-875, (1995)"
PUB000017,68,Engelhardt E
PUB000017,69,Toksoy A
PUB000017,70,Goebeler M
PUB000017,71,Debus S
PUB000017,72,Brocker Eb
PUB000017,73,"Gillitzer R., Chemokines Il-8, Groα, Mcp-1, Ip-10, And Mig Are Sequentially And Differentially Expressed During Phase-Specific Infiltration Of Leukocyte Subsets In Human Wound Healing, Am J Pathol, 153, 6, Pp. 1849-1860, (1998)"
PUB000017,74,Chen C
PUB000017,75,Liu T
PUB000017,76,Tang Y
PUB000017,77,Luo G
PUB000017,78,Liang G
PUB000017,79,"He W., Epigenetic Regulation Of Macrophage Polarization In Wound Healing, Burns Trauma, 11, (2023)"
PUB000017,80,Gindele Ja
PUB000017,81,Mang S
PUB000017,82,Pairet N
PUB000017,83,Christ I
PUB000017,84,Gantner F
PUB000017,85,Schymeinsky J
PUB000017,86,"Lamb Dj., Opposing Effects Of In Vitro Differentiated Macrophages Sub-Type On Epithelial Wound Healing, Plos One, 12, 9, (2017)"
PUB000017,87,Zmuda H
PUB000017,88,"Pathak A., Epithelial Multicellular Clustering Enabled By Polarized Macrophages On Soft Matrices, Faseb J, 37, 8, (2023)"
PUB000017,89,Kurachi I
PUB000017,90,Kurita E
PUB000017,91,Takushima A
PUB000017,92,"Suga H., Human Cd206+ Macrophages Show Antifibrotic Effects On Human Fibroblasts Through An IL-6–Dependent Mechanism In Vitro, Plast Reconstr Surg, 147, 2, Pp. 231E-239E, (2020)"
PUB000017,93,Yang Y
PUB000017,94,Nagai S
PUB000017,95,Kang S
PUB000017,96,Xia Y
PUB000017,97,Kawano Y
PUB000017,98,Miyake K
PUB000017,99,Karasuyama H
PUB000017,100,"Azuma M., Tolerogenic Properties Of Cd206+ Macrophages Appeared In The Sublingual Mucosa After Repeated Antigen-Painting, Int Immunol, 32, 8, Pp. 509-518, (2020)"
PUB000017,101,Faust Mt
PUB000017,102,Sadtler K
PUB000017,103,Destefano S
PUB000017,104,Fertil D
PUB000017,105,"Josyula A., The Role Of Macrophage Scavenger Receptors In Engineered Biomaterial Scaffold Remodeling, J Immunol, 210, (2023)"
PUB000017,106,Zhang T
PUB000017,107,Shao M
PUB000017,108,Li H
PUB000017,109,Chen X
PUB000017,110,Zhang R
PUB000017,111,Wu J
PUB000017,112,Wang J
PUB000017,113,"Guo Y., Decellularized Amnion Membrane Triggers Macrophage Polarization For Desired Host Immune Response, Adv Healthc Mater, 13, 29, (2024)"
PUB000017,114,Song X
PUB000017,115,Xiao J
PUB000017,116,Wu J
PUB000017,117,Sun L
PUB000017,118,"Chen L., Decellularized Amniotic Membrane Promotes The Anti-Inflammatory Response Of Macrophages Via Pi3K/Akt/Hif-1Α Pathway, Chin Chem Lett, 36, 1, (2025)"
PUB000017,119,Magatti M
PUB000017,120,Vertua E
PUB000017,121,De Munari S
PUB000017,122,Caro M
PUB000017,123,Caruso M
PUB000017,124,Silini A
PUB000017,125,Delgado M
PUB000017,126,"Parolini O., Human Amnion Favours Tissue Repair By Inducing The M1-To-M2 Switch And Enhancing M2 Macrophage Features, J Tissue Eng Regen Med, 11, 10, Pp. 2895-2911, (2017)"
PUB000017,127,Jang Th
PUB000017,128,Park Sc
PUB000017,129,Yang Jh
PUB000017,130,Kim Jy
PUB000017,131,Seok Jh
PUB000017,132,Park Us
PUB000017,133,Choi Cw
PUB000017,134,Lee Sr
PUB000017,135,"Han J., Cryopreservation And Its Clinical Applications, Integr Med Res, 6, 1, Pp. 12-18, (2017)"
PUB000017,136,Mohr A
PUB000017,137,Besser M
PUB000017,138,Broichhausen S
PUB000017,139,Winter M
PUB000017,140,Bungert Ad
PUB000017,141,Strucker B
PUB000017,142,Juratli Ma
PUB000017,143,Pascher A
PUB000017,144,"Becker F., The Influence Of Apremilast-Induced Macrophage Polarization On Intestinal Wound Healing, J Clin Med, 12, 10, (2023)"
PUB000017,145,Sun D
PUB000017,146,Chang Q
PUB000017,147,"Lu F., Immunomodulation In Diabetic Wounds Healing: The Intersection Of Macrophage Reprogramming And Immunotherapeutic Hydrogels, J Tissue Eng, 15, (2024)"
PUB000018,1,Kalva Sn
PUB000018,2,Augustine R
PUB000018,3,Al Mamun A
PUB000018,4,Dalvi Yb
PUB000018,5,Vijay N
PUB000018,6,"Hasan A., Active Agents Loaded Extracellular Matrix Mimetic Electrospun Membranes For Wound Healing Applications, J Drug Deliv Sci Technol, 63, Pp. 1-16, (2021)"
PUB000018,7,Muharni M
PUB000018,8,Annisa A
PUB000018,9,Fitrya F
PUB000018,10,"Anas M., Wound Healing Activity Of Dillenia Ochreata Leaves Ethanol Extract In Wistar Rats, J Pharm Pharmacogn Res, 10, 5, Pp. 896-904, (2022)"
PUB000018,11,Tessema Z
PUB000018,12,"Molla Y., Evaluation Of The Wound Healing Activity Of The Crude Extract Of Root Bark Of Brucea Antidysentrica, The Leaves Of Dodonaea Angustifolia And Rhamnus Prinoides In Mice, Heliyon, 7, 1, Pp. 1-8, (2021)"
PUB000018,13,Arun M
PUB000018,14,Satish S
PUB000018,15,"Anima P., Evaluation Of Wound Healing, Antioxidant And Antimicrobial Efficacy Of Jasminum Auriculatum Vahl, Avicenna J Phytomed, 6, 3, Pp. 295-304, (2016)"
PUB000018,16,Yiblet Tg
PUB000018,17,Tsegaw A
PUB000018,18,Ahmed N
PUB000018,19,Dagnew Sb
PUB000018,20,Tadesse Ty
PUB000018,21,"Kifle Zd., Evaluation Of Wound Healing Activity Of 80% Methanol Root Crude Extract And Solvent Fractions Of Stephania Abyssinica (Dill. & A. Rich.) Walp. (Menispermaceae) In Mice, J Exp Pharmacol, 14, Pp. 255-273, (2022)"
PUB000018,22,Yates Cc
PUB000018,23,Whaley D
PUB000018,24,Babu R
PUB000018,25,Zhang J
PUB000018,26,Krishna P
PUB000018,27,Beckman E
PUB000018,28,Pasculle Aw
PUB000018,29,"Wells A., The Effect Of Multifunctional Polymer-Based Gels On Wound Healing In Full-Thickness Bacteria-Contaminated Mouse Skin Wound Models, Biomaterials, 28, 27, Pp. 3977-3986, (2007)"
PUB000018,30,Sofrona E
PUB000018,31,Tziveleka La
PUB000018,32,Harizani M
PUB000018,33,Koroli P
PUB000018,34,Sfiniadakis I
PUB000018,35,Roussis V
PUB000018,36,Rallis M
PUB000018,37,"Ioannou E., In Vivo Evaluation Of The Wound Healing Activity Of Extracts And Bioactive Constituents Of The Marine Isopod Ceratothoa Oestroides, Mar Drugs, 18, 4, Pp. 1-15, (2020)"
PUB000018,38,Kumari Mk
PUB000018,39,Vittalrao Am
PUB000018,40,Charitha C
PUB000018,41,Kumar Pse
PUB000018,42,"Prabhath S., Evaluation Of Wound Healing Activity Of An Ethanolic Extract Of Anacardium Occidentale Leaves In Wistar Rats, Biomed Pharmacol J, 13, 4, Pp. 2061-2068, (2020)"
PUB000018,43,Uberoi A
PUB000018,44,Mccready-Vangi A
PUB000018,45,"Grice Ea., The Wound Microbiota: Microbial Mechanisms Of Impaired Wound Healing And Infection, Nat Rev Microbiol, 22, 8, Pp. 507-521, (2024)"
PUB000018,46,Li C
PUB000018,47,Li C
PUB000018,48,Ma Z
PUB000018,49,Chen H
PUB000018,50,Ruan H
PUB000018,51,Deng L
PUB000018,52,Wang J
PUB000018,53,"Cui W., Regulated Macrophage Immune Microenvironment In 3D Printed Scaffolds For Bone Tumour Postoperative Treatment, Bioact Mater, 19, Pp. 474-485, (2022)"
PUB000018,54,Sun X
PUB000018,55,Gao Y
PUB000018,56,Li Z
PUB000018,57,He J
PUB000018,58,"Wu Y., Magnetic Responsive Hydroxyapatite Scaffold Modulated Macrophage Polarisation Through Ppar/Jak-Stat Signalling And Enhanced Fatty Acid Metabolism, Biomaterials, 295, (2023)"
PUB000018,59,Deng A
PUB000018,60,Yang Y
PUB000018,61,Du S
PUB000018,62,Yang X
PUB000018,63,Pang S
PUB000018,64,Wang X
PUB000018,65,"Yang S., Preparation Of A Recombinant Collagen-Peptide (Rhc)Conjugated Chitosan Thermosensitive Hydrogel For Wound Healing, Mater Sci Eng C, 119, Pp. 1-13, (2021)"
PUB000018,66,Qu J
PUB000018,67,Zhao X
PUB000018,68,Liang Y
PUB000018,69,Xu Y
PUB000018,70,Ma Px
PUB000018,71,"Guo B., Degradable Conductive Injectable Hydrogels As Novel Antibacterial, Antioxidant Wound Dressings For Wound Healing, Chem Eng J, 362, Pp. 548-560, (2019)"
PUB000018,72,Wu H
PUB000018,73,Li F
PUB000018,74,Wang S
PUB000018,75,Lu J
PUB000018,76,Li J
PUB000018,77,Du Y
PUB000018,78,Sun X
PUB000018,79,Chen X
PUB000018,80,Gao J
PUB000018,81,"Ling D., Ceria Nanocrystals Decorated Mesoporous Silica Nanoparticle-Based Ros-Scavenging Tissue Adhesive For Highly Efficient Regenerative Wound Healing, Biomaterials, 151, Pp. 66-77, (2018)"
PUB000018,82,Lutolf Mp
PUB000018,83,"Hubbell Ja., Synthetic Biomaterials As Instructive Extracellular Microenvironments For Morphogenesis In Tissue Engineering, Nat Biotechnol, 23, 1, Pp. 47-55, (2005)"
PUB000018,84,Halim Mba
PUB000018,85,Eid Hh
PUB000018,86,Deeb Kse
PUB000018,87,Metwally Gf
PUB000018,88,Masoud Ma
PUB000018,89,Ahmed-Farid Oa
PUB000018,90,"Messiry Hme., The Study Of Wound Healing Activity Of Thespesia Populnea L. Bark, An Approach For Accelerating Healing Through Nanoparticles And Isolation Of Main Active Constituents, Bmc Complement Med Ther, 24, 1, Pp. 1-16, (2024)"
PUB000018,91,Thakur R
PUB000018,92,Jain N
PUB000018,93,Pathak R
PUB000018,94,"Sandhu Ss., Practices In Wound Healing Studies Of Plants, Evid Based Complement Alternat Med, 2011, Pp. 1-17, (2011)"
PUB000018,95,Cedillo-Cortezano M
PUB000018,96,Martinez-Cuevas Lr
PUB000018,97,Lopez Jam
PUB000018,98,Barrera Lopez Il
PUB000018,99,Escutia-Perez S
PUB000018,100,"Petricevich Vl., Use Of Medicinal Plants In The Process Of Wound Healing: A Literature Review, Pharmaceuticals, 17, 3, Pp. 1-27, (2024)"
PUB000018,101,Hassan A
PUB000018,102,Malik K
PUB000018,103,Naqvi Sam
PUB000018,104,Sadia H
PUB000018,105,"Khan K., A Comprehensive Review Of Saccharum Spontaneum, Its Traditional Uses, Phytochemistry And Pharmacology, Ethnobot Res Appl, 29, 5, Pp. 1-13, (2024)"
PUB000018,106,Okokon Je
PUB000018,107,Udobang Ja
PUB000018,108,Davies K
PUB000018,109,Edem Ua
PUB000018,110,"Bassey AI., Analgesic Activity Of Ethanol Leaf Extract Of Saccharum Officinarum, Trop J Nat Prod Res, 5, 6, Pp. 1142-1145, (2021)"
PUB000018,111,Zagorska-Dziok M
PUB000018,112,"Sobczak M., Hydrogel-Based Active Substance Release Systems For Cosmetology And Dermatology Application: A Review, Pharmaceutics, 12, 5, Pp. 1-43, (2020)"
PUB000018,113,Alberts A
PUB000018,114,Moldoveanu Et
PUB000018,115,Niculescu Ag
PUB000018,116,"Grumezescu Am., Hydrogels For Wound Dressings: Applications In Burn Treatment And Chronic Wound Care, J Compos Sci, 9, 3, Pp. 1-37, (2025)"
PUB000018,117,Alkandahri My
PUB000018,118,Maulana Ye
PUB000018,119,Subarnas A
PUB000018,120,Kwarteng A
PUB000018,121,"Berbudi A., Antimalarial Activity Of Extract And Fractions Of Cayratia Trifolia (L.) Domin, Int J Pharm Res, 12, Pp. 1435-1441, (2020)"
PUB000018,122,Gunarti Ns
PUB000018,123,Alkandahri My
PUB000018,124,Wahyuningsih Es
PUB000018,125,Agustina P
PUB000018,126,Mursal Ilp
PUB000018,127,Hidayah H
PUB000018,128,"Nurviana V., Evaluation Of Antipyretic And Antioxidant Activities Of Ten Indigenous Medicinal Plants Of Tirtajaya, Karawang Regency, West Java, Indonesia, Indian J Pharm Educ Res, 59, 1, Pp. 252-263, (2025)"
PUB000018,129,Alkandahri My
PUB000018,130,Kusumiyati K
PUB000018,131,Renggana H
PUB000018,132,Arfania M
PUB000018,133,Frianto D
PUB000018,134,Wahyuningsih Es
PUB000018,135,"Maulana Ye., Antihyperlipidemic Activity Of Extract And Fractions Of Castanopsis Costata Leaves On Rats Fed With High Cholesterol Diet, Rasāyan J Chem, 15, 4, Pp. 2350-2358, (2022)"
PUB000018,136,Sytar O
PUB000018,137,Hemmerich I
PUB000018,138,Zivcak M
PUB000018,139,Rauh C
PUB000018,140,"Brestic M., Comparative Analysis Of Bioactive Phenolic Compounds Composition From 26 Medicinal Plants, Saudi J Biol Sci, 25, 4, Pp. 631-641, (2018)"
PUB000018,141,Alkandahri My
PUB000018,142,Sadino A
PUB000018,143,Abriyani E
PUB000018,144,Hermanto F
PUB000018,145,Oktoba Z
PUB000018,146,Sayoeti Mfw
PUB000018,147,Sangging Pra
PUB000018,148,Wardani D
PUB000018,149,Hasan N
PUB000018,150,Sari Sw
PUB000018,151,Safitri Na
PUB000018,152,Ikhtianingsih W
PUB000018,153,"Safitri S., Evaluation Of Hepatoprotective And Nephroprotective Activities Of Castanopsis Costata Extract In Rats, Biomed Rep, 22, 2, Pp. 1-11, (2025)"
PUB000018,154,Yuniarsih N
PUB000018,155,Hidayah H
PUB000018,156,Gunarti Ns
PUB000018,157,Kusumawati Ah
PUB000018,158,Farhamzah F
PUB000018,159,Sadino A
PUB000018,160,"Alkandahri My., Evaluation Of Wound-Healing Activity Of Hydrogel Extract Of Sansevieria Trifasciata Leaves (Asparagaceae), Adv Pharmacol Pharm Sci, 2023, Pp. 1-10, (2023)"
PUB000018,161,Forestryana D
PUB000018,162,Hayati A
PUB000018,163,"Putri An., Formulation And Evaluation Of Natural Gel Containing Ethanolic Extract Of Pandanus Amaryllifolius R. Using Various Gelling Agents, Borneo J Pharm, 5, 4, Pp. 345-356, (2022)"
PUB000018,164,Nurman S
PUB000018,165,Yulia R
PUB000018,166,Irmayanti
PUB000018,167,Noor E
PUB000018,168,"Sunarti Tc., The Optimisation Of Gel Preparations Using The Active Compounds Of Arabica Coffee Ground Nanoparticles, Sci Pharm, 87, 4, Pp. 1-16, (2019)"
PUB000018,169,Bonacucina G
PUB000018,170,Cespi M
PUB000018,171,"Palmieri Gf., Characterisation And Stability Of Emulsion Gels Based On Acrylamide/Sodium Acryloyldimethyl Taurate Copolymer, Aaps Pharmscitech, 10, 2, Pp. 368-375, (2009)"
PUB000018,172,Edityaningrum Ca
PUB000018,173,Kintoko
PUB000018,174,Zulien F
PUB000018,175,"Widiyastuti L., Optimisation Of Water Fraction Gel Formula Of Binahong Leaf (Anredera Cordifolia (Ten.) Steen) With Gelling Agent Of Sodium Alginate And Carboxymethyl Chitosan Combination, Trad Med J, 23, 3, Pp. 97-105, (2018)"
PUB000018,176,Farhamzah
PUB000018,177,Kusumawati Ah
PUB000018,178,Alkandahri My
PUB000018,179,Hidayah H
PUB000018,180,Sujana D
PUB000018,181,Gunarti Ns
PUB000018,182,Yuniarsih N
PUB000018,183,Apriana Sd
PUB000018,184,"Agustina Ls., Sun Protection Factor Activity Of Black Glutinous Rice Emulgel Extract (Oryza Sativa Var Glutinosa), Indian J Pharm Educ Res, 56, 1, Pp. 302-310, (2022)"
PUB000018,185,Kusumawati Ah
PUB000018,186,Farhamzah F
PUB000018,187,Alkandahri My
PUB000018,188,Sadino A
PUB000018,189,Agustina Ls
PUB000018,190,"Apriana Sd., Antioxidant Activity And Sun Protection Factor Of Black Glutinous Rice (Oryza Sativa Var. Glutinosa), Trop J Nat Prod Res, 5, 11, Pp. 1958-1961, (2021)"
PUB000018,191,Tamuly C
PUB000018,192,Hazarika M
PUB000018,193,Bora J
PUB000018,194,"Gajurel Pr., Antioxidant Activities And Phenolic Content Of Piper Wallichii (Miq.) Hand.-Mazz, Int J Food Prop, 17, 2, Pp. 309-320, (2014)"
PUB000018,195,Pertiwi D
PUB000018,196,Hartati R
PUB000018,197,Julianti E
PUB000018,198,"Fidrianny I., Antibacterial And Antioxidant Activities In Various Parts Of Artocarpus Lacucha Buch. Ham. Ethanolic Extract, Biomed Rep, 20, 4, Pp. 1-11, (2024)"
PUB000018,199,Moglad Eh
PUB000018,200,Hamad Am
PUB000018,201,Fatima F
PUB000018,202,Seshadri Vd
PUB000018,203,"Naz M., Antimicrobial And Wound Healing Activities Of Certain Sudanese Medicinal Plants, Saudi J Biol Sci, 27, 7, Pp. 1766-1772, (2020)"
PUB000018,204,Lambebo Mk
PUB000018,205,Kifle Zd
PUB000018,206,Gurji Tb
PUB000018,207,"Yesuf Js., Evaluation Of Wound Healing Activity Of Methanolic Crude Extract And Solvent Fractions Of The Leaves Of Vernonia Auriculifera Hiern (Asteraceae) In Mice, J Exp Pharmacol, 13, Pp. 677-692, (2021)"
PUB000018,208,Belachew Tf
PUB000018,209,Asrade S
PUB000018,210,Geta M
PUB000018,211,"Fentahun E., In Vivo Evaluation Of Wound Healing And Anti-Inflammatory Activity Of 80% Methanol Crude Flower Extract Of Hagenia Abyssinica (Bruce) J.F. Gmel In Mice, Evid Based Complement Alternat Med, 2020, Pp. 1-12, (2020)"
PUB000018,212,Tsimogiannis Di
PUB000018,213,"Oreopoulou V., The Contribution Of Flavonoid C-Ring On The Dpph Free Radical Scavenging Efficiency. A Kinetic Approach For The 3’,4’-Hydroxy Substituted Members, Innov Food Sci Emerg Technol, 7, 1-2, Pp. 140-146, (2006)"
PUB000018,214,Platzer M
PUB000018,215,Kiese S
PUB000018,216,Tybussek T
PUB000018,217,Herfellner T
PUB000018,218,Schneider F
PUB000018,219,Schweiggert-Weisz U
PUB000018,220,"Eisner P., Radical Scavenging Mechanisms Of Phenolic Compounds: A Quantitative Structure-Property Relationship (Qspr) Study, Front Nutr, 9, Pp. 1-12, (2022)"
PUB000018,221,Gulcin I
PUB000018,222,"Alwasel Sh., Dpph Radical Scavenging Assay, Processes, 11, 8, Pp. 1-20, (2023)"
PUB000018,223,Alkandahri My
PUB000018,224,Arfania M
PUB000018,225,Abriyani E
PUB000018,226,Ridwanuloh D
PUB000018,227,Farhamzah F
PUB000018,228,Fikayuniar L
PUB000018,229,Hasyim Dm
PUB000018,230,"Nurul Wardani D., Evaluation Of Antioxidant And Antipyretic Effects Of Ethanolic Extract Of Cep-Cepan Leaves (Castanopsis Costata (Blume) A.D.C.), J Adv Pharm Educ Res, 12, 3, Pp. 107-112, (2022)"
PUB000018,231,Spiegel M
PUB000018,232,Kapusta K
PUB000018,233,Kolodziejczyk W
PUB000018,234,Saloni J
PUB000018,235,Zbikowska B
PUB000018,236,Hill Ga
PUB000018,237,"Sroka Z., Antioxidant Activity Of Selected Phenolic Acids-Ferric Reducing Antioxidant Power Assay And Qsar Analysis Of The Structural Features, Molecules, 25, 13, Pp. 1-15, (2020)"
PUB000018,238,Gonzalez Ac
PUB000018,239,Costa Tf
PUB000018,240,Andrade Za
PUB000018,241,"Medrado Ar., Wound Healing-A Literature Review, An Bras Dermatol, 91, 5, Pp. 614-620, (2016)"
PUB000018,242,Dehkordi An
PUB000018,243,Babaheydari Fm
PUB000018,244,Chehelgerdi M
PUB000018,245,"Dehkordi Sr., Skin Tissue Engineering: Wound Healing Based On Stemcell-Based Therapeutic Strategies, Stem Cell Res Ther, 10, Pp. 1-20, (2019)"
PUB000018,246,Subramanian S
PUB000018,247,Duraipandian C
PUB000018,248,Alsayari A
PUB000018,249,Ramachawolran G
PUB000018,250,Wong Ls
PUB000018,251,Sekar M
PUB000018,252,Gan Sh
PUB000018,253,Subramaniyan V
PUB000018,254,Seethalakshmi S
PUB000018,255,Jeyabalan S
PUB000018,256,Dhanasekaran S
PUB000018,257,Chinni Sv
PUB000018,258,Rani Nnim
PUB000018,259,"Wahab S., Wound Healing Properties Of A New Formulated Flavonoid-Rich Fraction From Dodonaea Viscosa Jacq. Leaves Extract, Front Pharmacol, 14, Pp. 1-16, (2023)"
PUB000018,260,Tottoli Em
PUB000018,261,Dorati R
PUB000018,262,Genta I
PUB000018,263,Chiesa E
PUB000018,264,Pisani S
PUB000018,265,"Conti B., Skin Wound Healing Process And New Emerging Technologies For Skin Wound Care And Regeneration, Pharmaceutics, 12, 8, Pp. 1-30, (2020)"
PUB000018,266,Choudhary V
PUB000018,267,Choudhary M
PUB000018,268,"Bollag Wb., Exploring Skin Wound Healing Models And The Impact Of Natural Lipids On The Healing Process, Int J Mol Sci, 25, 7, Pp. 1-29, (2024)"
PUB000018,269,Demilew W
PUB000018,270,Adinew Gm
PUB000018,271,"Asrade S., Evaluation Of The Wound Healing Activity Of The Crude Extract Of Leaves Of Acanthus Polystachyus Delile (Acanthaceae), Evid Based Complement Alternat Med, 2018, Pp. 1-9, (2018)"
PUB000018,272,Kanlayavattanakul M
PUB000018,273,Khongkow M
PUB000018,274,"Lourith N., Wound Healing And Photoprotection Properties Of Acanthus Ebracteatus Vahl. Extracts Standardised In Verbascoside, Sci Rep, 14, 1, Pp. 1-9, (2024)"
PUB000018,275,Taufik Ay
PUB000018,276,Yasin Hm
PUB000018,277,Ahmad N
PUB000018,278,Arai M
PUB000018,279,"Ja'Afar F., An Investigation Into The Phytochemical Content And Antioxidant, Antidiabetic, And Wound-Healing Activities Of Curculigo Latifolia Found In Brunei Darussalam, Sci World J, 2024, Pp. 1-22, (2024)"
PUB000018,280,Alkandahri My
PUB000018,281,Sujana D
PUB000018,282,Hasyim Dm
PUB000018,283,Shafirany Mz
PUB000018,284,Sulastri L
PUB000018,285,Arfania M
PUB000018,286,Frianto D
PUB000018,287,Farhamzah
PUB000018,288,Kusumawati Ah
PUB000018,289,"Yuniarsih N., Antidiabetic Activity Of Extract And Fractions Of Castanopsis Costata Leaves On Alloxan-Induced Diabetic Mice, Pharmacogn J, 13, 6, Pp. 1589-1593, (2021)"
PUB000018,290,Tekleyes B
PUB000018,291,Huluka Sa
PUB000018,292,Wondu K
PUB000018,293,"Wondmkun Yt., Wound Healing Activity Of 80% Methanol Leaf Extract Of Zehneria Scabra (L.F) Sond (Cucurbitaceae) In Mice, J Exp Pharmacol, 13, Pp. 537-544, (2021)"
PUB000018,294,Carvalho Mtb
PUB000018,295,Araujo-Filho Hg
PUB000018,296,Barreto As
PUB000018,297,Quintans Junior Lj
PUB000018,298,Quintans Jss
PUB000018,299,"Barreto Rss., Wound Healing Properties Of Flavonoids: A Systematic Review Highlighting The Mechanisms Of Action, Phytomedicine, 90, (2021)"
PUB000018,300,Alkandahri My
PUB000018,301,Pamungkas Bt
PUB000018,302,Oktoba Z
PUB000018,303,Shafirany Mz
PUB000018,304,Sulastri L
PUB000018,305,Arfania M
PUB000018,306,Anggraeny En
PUB000018,307,Pratiwi A
PUB000018,308,Astuti Fd
PUB000018,309,Indriyani
PUB000018,310,Dewi Sy
PUB000018,311,"Hamidah Sz., Hepatoprotective Effect Of Kaempferol: A Review Of The Dietary Sources, Bioavailability, Mechanisms Of Action, And Safety, Adv Pharmacol Pharm Sci, 2023, Pp. 1-16, (2023)"
PUB000018,312,Alkandahri My
PUB000018,313,Sadino A
PUB000018,314,Pamungkas Bt
PUB000018,315,Oktoba Z
PUB000018,316,Arfania M
PUB000018,317,Yuniarsih N
PUB000018,318,Wahyuningsih Es
PUB000018,319,Dewi Y
PUB000018,320,Winarti Sa
PUB000018,321,"Dinita St., Potential Nephroprotective Effect Of Kaempferol: Biosynthesis, Mechanisms Of Action, And Clinical Prospects, Adv Pharmacol Pharm Sci, 2024, Pp. 1-17, (2024)"
PUB000018,322,Alkandahri My
PUB000018,323,Berbudi A
PUB000018,324,"Subarnas A., Active Compounds And Antimalaria Properties Of Some Medicinal Plants In Indonesia – A Review, Sys Rev Pharm, 9, 1, Pp. 64-69, (2018)"
PUB000018,325,Kumari P
PUB000018,326,Singh V
PUB000018,327,Kant V
PUB000018,328,"Ahuja M., Current Status Of 1,4-Naphthoquinones And Their Derivatives For Wound Healing, Eur J Med Chem Rep, 12, Pp. 1-23, (2024)"
PUB000018,329,Liu E
PUB000018,330,Gao H
PUB000018,331,Zhao Y
PUB000018,332,Pang Y
PUB000018,333,Yao Y
PUB000018,334,Yang Z
PUB000018,335,Zhang X
PUB000018,336,Wang Y
PUB000018,337,Yang S
PUB000018,338,Ma X
PUB000018,339,Zeng J
PUB000018,340,"Guo J., The Potential Application Of Natural Products In Cutaneous Wound Healing: A Review Of Preclinical Evidence, Front Pharmacol, 13, Pp. 1-18, (2022)"
PUB000018,341,Khan Mi
PUB000018,342,Karima G
PUB000018,343,Khan Mz
PUB000018,344,Shin Jh
PUB000018,345,"Kim Jd., Therapeutic Effects Of Saponins For The Prevention And Treatment Of Cancer By Ameliorating Inflammation And Angiogenesis And Inducing Antioxidant And Apoptotic Effects In Human Cells, Int J Mol Sci, 23, 18, Pp. 1-15, (2022)"
PUB000018,346,Men Sy
PUB000018,347,Huo Ql
PUB000018,348,Shi L
PUB000018,349,Yan Y
PUB000018,350,Yang Cc
PUB000018,351,Yu W
PUB000018,352,"Liu Bq., Panax Notoginseng Saponins Promote Cutaneous Wound Healing And Suppress Scar Formation In Mice, J Cosmet Dermatol, 19, 2, Pp. 529-534, (2020)"
PUB000018,353,Budiawan A
PUB000018,354,Purwanto A
PUB000018,355,Puradewa L
PUB000018,356,Cahyani Ed
PUB000018,357,"Purwaningsih Ce., Wound Healing Activity And Flavonoid Contents Of Purslane (Portulaca Grandiflora) Of Various Varieties, Rsc Adv, 13, 15, Pp. 9871-9877, (2023)"
PUB000018,358,Shi Xq
PUB000018,359,Chen G
PUB000018,360,Tan Jq
PUB000018,361,Li Z
PUB000018,362,Chen Sm
PUB000018,363,He Jh
PUB000018,364,Zhang L
PUB000018,365,"Xu Hx., Total Alkaloid Fraction Of Leonurus Japonicus Houtt. Promotes Angiogenesis And Wound Healing Through Src/Mek/Erk Signalling Pathway, J Ethnopharmacol, 295, (2022)"
PUB000018,366,Vyas Ks
PUB000018,367,"Vasconez Hc., Wound Healing: Biologics, Skin Substitutes, Biomembranes And Scaffolds, Healthcare, 2, 3, Pp. 356-400, (2014)"
PUB000018,368,Scherer Mmc
PUB000018,369,Marques Fm
PUB000018,370,Figueira Mm
PUB000018,371,Peisino Mco
PUB000018,372,Schmitt Efp
PUB000018,373,Kondratyuk Tp
PUB000018,374,Endringer Dc
PUB000018,375,Scherer R
PUB000018,376,"Fronza M., Wound Healing Activity Of Terpinolene And Αphellandrene By Attenuating Inflammation And Oxidative Stress In Vitro, J Tissue Viability, 28, 2, Pp. 94-99, (2019)"
PUB000018,377,Wang G
PUB000018,378,Yang F
PUB000018,379,Zhou W
PUB000018,380,Xiao N
PUB000018,381,Luo M
PUB000018,382,"Tang Z., The Initiation Of Oxidative Stress And Therapeutic Strategies In Wound Healing, Biomed Pharmacother, 157, Pp. 1-12, (2023)"
PUB000018,383,Puca V
PUB000018,384,Marulli Rz
PUB000018,385,Grande R
PUB000018,386,Vitale I
PUB000018,387,Niro A
PUB000018,388,Molinaro G
PUB000018,389,Prezioso S
PUB000018,390,Muraro R
PUB000018,391,"Giovanni Pd., Microbial Species Isolated From Infected Wounds And Antimicrobial Resistance Analysis: Data Emerging From A Three-Year Retrospective Study, Antibiotics, 10, 10, Pp. 1-14, (2021)"
PUB000018,392,Comino-Sanz Im
PUB000018,393,Lopez-Franco Md
PUB000018,394,Castro B
PUB000018,395,"Pancorbo Hidalgo Pl., The Role Of Antioxidants On Wound Healing: A Review Of The Current Evidence, J Clin Med, 10, 16, Pp. 1-22, (2021)"
PUB000018,396,Deng X
PUB000018,397,Gould M
PUB000018,398,"Ali Ma., A Review Of Current Advancements For Wound Healing: Biomaterial Applications And Medical Devices, J Biomed Mater Res B Appl Biomater, 110, 11, Pp. 2542-2573, (2022)"
PUB000018,399,Hassanpour Sh
PUB000018,400,"Doroudi A., Review Of The Antioxidant Potential Of Flavonoids As A Subgroup Of Polyphenols And Partial Substitute For Synthetic Antioxidants, Avicenna J Phytomed, 13, 4, Pp. 354-376, (2023)"
PUB000018,401,Chen Q
PUB000018,402,Wang J
PUB000018,403,Gao Y
PUB000018,404,Wang Z
PUB000018,405,Wang D
PUB000018,406,Gao X
PUB000018,407,"Yan P., Fermentation, Identification, And Antioxidant Activity Of Saponins Produced By A Wild Ginseng Endophytic Fungus Umbelopsis Dimorpha Strain Nsjg, Fermentation, 10, 1, Pp. 1-13, (2024)"
PUB000018,408,Xie Y
PUB000018,409,Yang W
PUB000018,410,Tang F
PUB000018,411,Chen X
PUB000018,412,"Ren L., Antibacterial Activities Of Flavonoids: Structure-Activity Relationship And Mechanism, Curr Med Chem, 22, 1, Pp. 132-149, (2015)"
PUB000018,413,Li J
PUB000018,414,"Monje-Galvan V., In Vitro And In Silico Studies Of Antimicrobial Saponins: A Review, Processes, 11, 10, Pp. 1-17, (2023)"
PUB000018,415,Cores A
PUB000018,416,Carmona-Zafra N
PUB000018,417,Clerigue J
PUB000018,418,Villacampa M
PUB000018,419,"Menendez Jc., Quinones As Neuroprotective Agents, Antioxidants, 12, 7, Pp. 1-37, (2023)"
PUB000018,420,Sirin S
PUB000018,421,Dolanbay Sn
PUB000018,422,"Aslim B., Role Of Plant-Derived Alkaloids As Antioxidant Agents For Neurodegenerative Diseases, Health Sci Rev, 6, Pp. 1-11, (2023)"
PUB000018,423,Kokilananthan S
PUB000018,424,Bulugahapitiya Vp
PUB000018,425,Manawadu H
PUB000018,426,"Gangabadage Cs., Sesquiterpenes And Monoterpenes From Different Varieties Of Guava Leaf Essential Oils And Their Antioxidant Potential, Heliyon, 8, 12, Pp. 1-9, (2022)"
PUB000018,427,Junior Mad
PUB000018,428,Edzang Rwn
PUB000018,429,Catto Al
PUB000018,430,"Raimundo Jm., Quinones As An Efficient Molecular Scaffold In The Antibacterial/Antifungal Or Antitumoral Arsenal, Int J Mol Sci, 23, 22, Pp. 1-16, (2022)"
PUB000018,431,Yan Y
PUB000018,432,Li X
PUB000018,433,Zhang C
PUB000018,434,Lv L
PUB000018,435,Gao B
PUB000018,436,"Li M., Research Progress On Antibacterial Activities And Mechanisms Of Natural Alkaloids: A Review, Antibiotics, 10, 3, Pp. 1-30, (2021)"
PUB000018,437,Huang W
PUB000018,438,Wang Y
PUB000018,439,Tian W
PUB000018,440,Cui X
PUB000018,441,Tu P
PUB000018,442,Li J
PUB000018,443,Shi S
PUB000018,444,"Liu X., Biosynthesis Investigations Of Terpenoid, Alkaloid, And Flavonoid Antimicrobial Agents Derived From Medicinal Plants, Antibiotics, 11, 10, Pp. 1-32, (2022)"
PUB000019,1,Abomohra A.
PUB000019,2,Li M.
PUB000019,3,Faisal S.
PUB000019,4,Li L.
PUB000019,5,"Elsayed M., Maximizing Nitrogen Removal And Lipid Production By Microalgae Under Mixotrophic Growth Using Response Surface Methodology: Towards Enhanced Biodiesel Production, Fermentation, 8, 12, (2022)"
PUB000019,6,Alavianghavanini A.
PUB000019,7,Shayesteh H.
PUB000019,8,Bahri P.A.
PUB000019,9,Vadiveloo A.
PUB000019,10,"Moheimani N.R., Microalgae Cultivation For Treating Agricultural Effluent And Producing Value-Added Products, Sci. Total Environ, 912, Pp. 1-18, (2024)"
PUB000019,11,Ali S.S.
PUB000019,12,Mastropetros S.G.
PUB000019,13,Schagerl M.
PUB000019,14,Sakarika M.
PUB000019,15,Elsamahy T.
PUB000019,16,El-Sheekh M.
PUB000019,17,Sun J.
PUB000019,18,"Kornaros M., Recent Advances In Wastewater Microalgae-Based Biofuels Production: A State-Of-The-Art Review, Energy Reports, 8, Pp. 13253-13280, (2022)"
PUB000019,19,Asiandu A.P.
PUB000019,20,Nugroho A.P.
PUB000019,21,Naser A.S.
PUB000019,22,Sadewo B.R.
PUB000019,23,Koerniawan M.D.
PUB000019,24,Budiman A.
PUB000019,25,Siregar U.J.
PUB000019,26,Suwanti L.T.
PUB000019,27,"Suyono E.A., The Effect Of Tofu Wastewater And Ph On The Growth Kinetics And Biomass Composition Of Euglena Sp, Curr. Appl. Sci. Technol, 23, Pp. 1-16, (2023)"
PUB000019,28,Baily J.E.
PUB000019,29,"Ollis D.F., Biochemical Engineering Fundamentals, International Edition, (1986)"
PUB000019,30,Bhushan S.
PUB000019,31,Eshkabilov S.
PUB000019,32,Jayakrishnan U.
PUB000019,33,Prajapati S.K.
PUB000019,34,"Simsek H., A Comparative Analysis Of Growth Kinetics, Image Analysis, And Biofuel Potential Of Different Algal Strains, Chemosphere, 336, (2023)"
PUB000019,35,Chai W.S.
PUB000019,36,Chew C.H.
PUB000019,37,Munawaroh H.S.H.
PUB000019,38,Ashokkumar V.
PUB000019,39,Cheng C.K.
PUB000019,40,Park Y.K.
PUB000019,41,"Show P.L., Microalgae And Ammonia: A Review On Inter-Relationship, Fuel, 303, Pp. 1-12, (2021)"
PUB000019,42,Condor B.E.
PUB000019,43,De Luna M.D.G.
PUB000019,44,Lacson C.F.Z.
PUB000019,45,Acebu P.I.G.
PUB000019,46,Abarca R.R.M.
PUB000019,47,Nagarajan D.
PUB000019,48,Lee D.J.
PUB000019,49,"Chang J.S., Effects Of Carbon Dioxide Concentration And Swine Wastewater On The Cultivation Of Chlorella Vulgaris Fsp-E And Bioethanol Production From Microalgae Biomass, Appl. Energy, 369, Pp. 1-9, (2024)"
PUB000019,50,Cui H.
PUB000019,51,Ma H.
PUB000019,52,Chen S.
PUB000019,53,Yu J.
PUB000019,54,Xu W.
PUB000019,55,Zhu X.
PUB000019,56,Gujar A.
PUB000019,57,Ji C.
PUB000019,58,Xue J.
PUB000019,59,Zhang C.
PUB000019,60,"Li R., Mitigating Excessive Ammonia Nitrogen In Chicken Farm Flushing Wastewater By Mixing Strategy For Nutrient Removal And Lipid Accumulation In The Green Alga Chlorella Sorokiniana, Bioresour. Technol, 303, Pp. 1-10, (2020)"
PUB000019,61,Ding J.
PUB000019,62,Zhao F.
PUB000019,63,Cao Y.
PUB000019,64,Xing L.
PUB000019,65,Liu W.
PUB000019,66,Mei S.
PUB000019,67,"Li S., Cultivation Of Microalgae In Dairy Farm Wastewater Without Sterilization, Int. J. Phytoremediation, 17, Pp. 222-227, (2015)"
PUB000019,68,Eida M.F.
PUB000019,69,Darwesh O.M.
PUB000019,70,"Matter I.A., Cultivation Of Oleaginous Microalgae Scenedesmus Obliquus On Secondary Treated Municipal Wastewater As Growth Medium For Biodiesel Production, J. Ecol. Eng, 19, Pp. 38-51, (2018)"
PUB000019,71,Ekka B.
PUB000019,72,Mierina I.
PUB000019,73,Juhna T.
PUB000019,74,Turks M.
PUB000019,75,"Kokina K., Quantification Of Different Fatty Acids In Raw Dairy Wastewater, Clean. Eng. Technol, 7, Pp. 1-6, (2022)"
PUB000019,76,Erfianti T.
PUB000019,77,Fakhruddin Yusuf A.
PUB000019,78,Handayani S.
PUB000019,79,Ryan Sadewo B.
PUB000019,80,Setiadi Daryono B.
PUB000019,81,Budiman A.
PUB000019,82,"Agus Suyono E., Enhancing Growth And Metabolite Profiles In Indigenous Euglena Gracilis Through Explorative Light Spectrum Effect, Egypt. J. Aquat. Res, 50, Pp. 318-331, (2024)"
PUB000019,83,Erfianti T.
PUB000019,84,Maghfiroh K.Q.
PUB000019,85,Amelia R.
PUB000019,86,Kurnianto D.
PUB000019,87,Sadewo B.R.
PUB000019,88,Marno S.
PUB000019,89,Devi I.
PUB000019,90,Dewayanto N.
PUB000019,91,Budiman A.
PUB000019,92,"Suyono E.A., Nitrogen Sources Affect The Growth Of Local Strain Euglena Sp. Isolated From Dieng Peatland, Central Java, Indonesia, And Their Potential As Bio-Avtur, Iop Conf. Ser. Earth Environ. Sci, 1151, (2023)"
PUB000019,93,Esteves A.F.
PUB000019,94,Salgado E.M.
PUB000019,95,Vilar V.J.P.
PUB000019,96,Goncalves A.L.
PUB000019,97,"Pires J.C.M., A Growth Phase Analysis On The Influence Of Light Intensity On Microalgal Stress And Potential Biofuel Production, Energy Convers. Manag, 311, Pp. 1-8, (2024)"
PUB000019,98,Feregrino-Mondragon R.D.
PUB000019,99,Vega-Segura A.
PUB000019,100,Sanchez-Thomas R.
PUB000019,101,Silva-Flores M.
PUB000019,102,Rodriguez-Zavala J.S.
PUB000019,103,Marin-Hernandez A.
PUB000019,104,Perez-Torres I.
PUB000019,105,Torres-Marquez M.E.
PUB000019,106,Moreno-Sanchez R.
PUB000019,107,"Jasso-Chavez R., The Essential Role Of Mitochondria In The Consumption Of Waste-Organic Matter And Production Of Metabolites Of Biotechnological Interest In Euglena Gracilis, Algal Res, 56, (2021)"
PUB000019,108,"Gompertz B, On The Nature Of The Function Expressive Of The Law Of Human Mortality, And On A New Mode Of Determining The Value Of Life Contingencies, Philos. Trans. R. Soc. London, 115, Pp. 513-583, (1825)"
PUB000019,109,Hanief S.
PUB000019,110,Prasakti L.
PUB000019,111,Pradana Y.S.
PUB000019,112,Cahyono R.B.
PUB000019,113,"Budiman A., Growth Kinetic Of Botryococcus Braunii Microalgae Using Logistic And Gompertz Models, Aip Conf. Proc, 2296, Pp. 1-8, (2020)"
PUB000019,114,Hilmi W.
PUB000019,115,Hakim A.
PUB000019,116,Erfianti T.
PUB000019,117,Dhiaurahman A.N.
PUB000019,118,Maghfiroh Q.
PUB000019,119,Amelia R.
PUB000019,120,Nurafifah I.
PUB000019,121,Kurnianto D.
PUB000019,122,Umi D.
PUB000019,123,Suyono E.A.
PUB000019,124,Marno S.
PUB000019,125,"Devi I., The Effect Of Iaa Phytohormone (Indole-3-Acetic Acid) On The Growth, Lipid, Protein, Carbohydrate, And Pigment Content In Euglena Sp, Malaysian Journal Of Fundamental And Applied Sciences, 19, Pp. 513-524, (2023)"
PUB000019,126,Indrayani I.
PUB000019,127,Haslianti H.
PUB000019,128,Asmariani A.
PUB000019,129,Muskita W.H.
PUB000019,130,"Balubi M., Growth, Biomass And Lipid Productivity Of A Newly Isolated Tropical Marine Diatom, Skeletonema Sp. Uho29, Under Different Light Intensities, Biodiversitas, 21, Pp. 1498-1503, (2020)"
PUB000019,131,Janssen J.H.
PUB000019,132,Kastenhofer J.
PUB000019,133,De Hoop J.A.
PUB000019,134,Lamers P.P.
PUB000019,135,Wijffels R.H.
PUB000019,136,"Barbosa M.J., Effect Of Nitrogen Addition On Lipid Productivity Of Nitrogen Starved Nannochloropsis Gaditana, Algal Res, 33, Pp. 125-132, (2018)"
PUB000019,137,Jiang Y.
PUB000019,138,Pu X.
PUB000019,139,Zheng D.
PUB000019,140,Zhu T.
PUB000019,141,Wang S.
PUB000019,142,Deng L.
PUB000019,143,"Wang W., Cultivation Of Lipid-Producing Microalgae In Struvite-Precipitated Liquid Digestate For Biodiesel Production, Biotechnol. Biofuels, 11, Pp. 1-9, (2018)"
PUB000019,144,Khadim H.J.
PUB000019,145,Abdelkareem H.N.
PUB000019,146,Hussein H.A.M.
PUB000019,147,"Mohamed A.I., Growth Kinetic And Biodiesel Lipid Extraction Of Nannochloropsis Oculata Microalgae In A Photobioreactor Under Varying Salinity Conditions, J. Ecol. Eng, 25, Pp. 46-54, (2024)"
PUB000019,148,Khoo K.S.
PUB000019,149,Ahmad I.
PUB000019,150,Chew K.W.
PUB000019,151,Iwamoto K.
PUB000019,152,Bhatnagar A.
PUB000019,153,"Show P.L., Enhanced Microalgal Lipid Production For Biofuel Using Different Strategies Including Genetic Modification Of Microalgae: A Review, Prog. Energy Combust. Sci, 96, Pp. 1-41, (2023)"
PUB000019,154,Li G.
PUB000019,155,Zhang J.
PUB000019,156,Li H.
PUB000019,157,Hu R.
PUB000019,158,Yao X.
PUB000019,159,Liu Y.
PUB000019,160,Zhou Y.
PUB000019,161,"Lyu T., Towards High-Quality Biodiesel Production From Microalgae Using Original And Anaerobically-Digested Livestock Wastewater, Chemosphere, 273, Pp. 1-9, (2021)"
PUB000019,162,Li X.
PUB000019,163,Li W.
PUB000019,164,Zhai J.
PUB000019,165,Wei H.
PUB000019,166,"Wang Q., Effect Of Ammonium Nitrogen On Microalgal Growth, Biochemical Composition And Photosynthetic Performance In Mixotrophic Cultivation, Bioresour. Technol, 273, Pp. 368-376, (2019)"
PUB000019,167,Liyanaarachchi V.C.
PUB000019,168,Premaratne M.
PUB000019,169,Ariyadasa T.U.
PUB000019,170,Nimarshana P.H.V.
PUB000019,171,"Malik A., Two-Stage Cultivation Of Microalgae For Production Of High-Value Compounds And Biofuels: A Review, Algal Res, 57, Pp. 1-21, (2021)"
PUB000019,172,Lv J.
PUB000019,173,Liu Y.
PUB000019,174,Feng J.
PUB000019,175,Liu Q.
PUB000019,176,Nan F.
PUB000019,177,"Xie S., Nutrients Removal From Undiluted Cattle Farm Wastewater By The Two-Stage Process Of Microalgae-Based Wastewater Treatment, Bioresour. Technol, 264, Pp. 311-318, (2018)"
PUB000019,178,Maeanti R.F.
PUB000019,179,Fauzi A.
PUB000019,180,"Istiqomah A., Evaluasi Kelayakan Finansial Usaha Peternakan Dan Pengembangan Biogas: Studi Kasus Desa Suntenjaya, Bandung, J. Ekon. Dan Pembang. Indones, 14, 1, Pp. 27-42, (2013)"
PUB000019,181,Maghfiroh K.Q.
PUB000019,182,Erfianti T.
PUB000019,183,Nurafifah I.
PUB000019,184,Amelia R.
PUB000019,185,Kurnianto D.
PUB000019,186,Sadewo B.R.
PUB000019,187,Maggandari R.
PUB000019,188,Aji B.R.
PUB000019,189,Budiman A.
PUB000019,190,"Suyono E.A., The Effect Of Photoperiodism On Nutritional Potency Of Euglena Sp. Indonesian Strains, Malays. J. Nutr, 29, Pp. 453-466, (2023)"
PUB000019,191,Naser A.S.
PUB000019,192,Asiandu A.P.
PUB000019,193,Sadewo B.R.
PUB000019,194,Tsurayya N.
PUB000019,195,Putra A.S.
PUB000019,196,Kurniawan K.I.A.
PUB000019,197,"Suyono E.A., The Effect Of Salinity And Tofu Whey Wastewater On The Growth Kinetics, Biomass, And Primary Metabolites In Euglena Sp, J. Appl. Biol. Biotechnol, 11, Pp. 124-132, (2023)"
PUB000019,198,Nurafifah I.
PUB000019,199,Hardianto M.A.
PUB000019,200,Erfianti T.
PUB000019,201,Amelia R.
PUB000019,202,Maghfiroh K.Q.
PUB000019,203,Kurnianto D.
PUB000019,204,Siswanti D.U.
PUB000019,205,Sadewo B.R.
PUB000019,206,Maggandari R.
PUB000019,207,"Suyono E.A., The Effect Of Acidic Ph On Growth Kinetics, Biomass Productivity, And Primary Metabolite Contents Of Euglena Sp, Makara J. Sci, 27, Pp. 97-105, (2023)"
PUB000019,208,Paranjape K.
PUB000019,209,Leite G.B.
PUB000019,210,"Hallenbeck P.C., Effect Of Nitrogen Regime On Microalgal Lipid Production During Mixotrophic Growth With Glycerol, Bioresour. Technol, 214, Pp. 778-786, (2016)"
PUB000019,211,Phukoetphim N.
PUB000019,212,Salakkam A.
PUB000019,213,Laopaiboon P.
PUB000019,214,"Laopaiboon L., Kinetic Models For Batch Ethanol Production From Sweet Sorghum Juice Under Normal And High Gravity Fermentations: Logistic And Modified Gompertz Models, J. Biotechnol, 243, Pp. 69-75, (2017)"
PUB000019,215,Prihantini N.B.
PUB000019,216,Damayanti D.
PUB000019,217,"Yuniati R., Pengaruh Konsentrasi Medium Ekstrak Tauge (Met) Terhadap Pertumbuhan Scenedesmus Isolat Subang, Makara Sci. Ser, 11, (2010)"
PUB000019,218,Pruvost J.
PUB000019,219,Van Vooren G.
PUB000019,220,Le Gouic B.
PUB000019,221,Couzinet-Mossion A.
PUB000019,222,"Legrand J., Systematic Investigation Of Biomass And Lipid Productivity By Microalgae In Photobioreactors For Biodiesel Application, Bioresour. Technol, 102, Pp. 150-158, (2011)"
PUB000019,223,Puja Asiandu A.
PUB000019,224,Puspito Nugroho A.
PUB000019,225,Saifun Naser A.
PUB000019,226,Ryan Sadewo B.
PUB000019,227,Donny Koerniawan M.
PUB000019,228,Budiman A.
PUB000019,229,Juniarti Siregar U.
PUB000019,230,Tri Suwanti L.
PUB000019,231,"Agus Suyono E., The Effect Of Tofu Wastewater And Ph On The Growth Kinetics And Biomass Composition Of Euglena Sp, Curr. Appl. Sci. Technol, 23, Pp. 1-17, (2022)"
PUB000019,232,Putri A.N.A.
PUB000019,233,Renaldy B.
PUB000019,234,Mujahidah U.
PUB000019,235,Inaba Y.
PUB000019,236,Kurnianto D.
PUB000019,237,Samodra A.
PUB000019,238,Sadewo B.R.
PUB000019,239,"Suyono E.A., Application Of Euglena Sp. Isolated From Yogyakarta, Indonesia On Nutrient Removal From Palm Oil Mill Effluent (Pome), J. Oil Palm Res, 36, Pp. 267-275, (2024)"
PUB000019,240,Qian W.
PUB000019,241,Yang Y.
PUB000019,242,Chou S.
PUB000019,243,Ge S.
PUB000019,244,Li P.
PUB000019,245,Wang X.
PUB000019,246,Zhuang L.L.
PUB000019,247,"Zhang J., Effect Of N/P Ratio On Attached Microalgae Growth And The Differentiated Metabolism Along The Depth Of Biofilm, Environ. Res, 240, (2024)"
PUB000019,248,Rivas Lucero B.A.
PUB000019,249,Gutierrez M.
PUB000019,250,Eduardo Magana Magana J.
PUB000019,251,Salcido F.M.
PUB000019,252,"Fierro W.M., Salt Content Of Dairy Farm Effluents As An Indicator Of Salinization Risk To Soils, Soil Syst, 2, Pp. 1-9, (2018)"
PUB000019,253,Song Y.
PUB000019,254,Wang L.
PUB000019,255,Qiang X.
PUB000019,256,Gu W.
PUB000019,257,Ma Z.
PUB000019,258,"Wang G., The Promising Way To Treat Wastewater By Microalgae: Approaches, Mechanisms, Applications And Challenges, J. Water Process Eng, 49, Pp. 1-10, (2022)"
PUB000019,259,Soni R.A.
PUB000019,260,Sudhakar K.
PUB000019,261,"Rana R.S., Spirulina – From Growth To Nutritional Product: A Review, Trends Food Sci. Technol, 69, Pp. 157-171, (2017)"
PUB000019,262,Tang J.
PUB000019,263,Qu X.
PUB000019,264,Chen S.
PUB000019,265,Pu Y.
PUB000019,266,He X.
PUB000019,267,Zhou Z.
PUB000019,268,Wang H.
PUB000019,269,Jin N.
PUB000019,270,Huang J.
PUB000019,271,Shah F.
PUB000019,272,Hu Y.
PUB000019,273,"Abomohra A., Microalgae Cultivation Using Municipal Wastewater And Anaerobic Membrane Effluent: Lipid Production And Nutrient Removal, Water, 15, Pp. 1-13, (2023)"
PUB000019,274,Tango M.D.
PUB000019,275,Zanetoni Filho J.A.
PUB000019,276,Daniel L.A.
PUB000019,277,Leite L. De S.
PUB000019,278,Hoffmann M.T.
PUB000019,279,"Moutinho F.H.M., Effects Of Bicarbonate Addition And N:P Ratio On Microalgae Growth And Resource Recovery From Domestic Wastewater, Agriengineering, 5, Pp. 1178-1195, (2023)"
PUB000019,280,Ugya A.Y.
PUB000019,281,"Meguellati K., Microalgae Biomass Modelling And Optimisation For Sustainable Biotechnology-A Concise Review, J. Ecol. Eng, 23, Pp. 309-318, (2022)"
PUB000019,282,Vargas-Estrada L.
PUB000019,283,Longoria A.
PUB000019,284,Okoye P.U.
PUB000019,285,"Sebastian P.J., Energy And Nutrients Recovery From Wastewater Cultivated Microalgae: Assessment Of The Impact Of Wastewater Dilution On Biogas Yield, Bioresour. Technol, 341, (2021)"
PUB000019,286,Wang L.
PUB000019,287,Li Y.
PUB000019,288,Chen P.
PUB000019,289,Min M.
PUB000019,290,Chen Y.
PUB000019,291,Zhu J.
PUB000019,292,"Ruan R.R., Anaerobic Digested Dairy Manure As A Nutrient Supplement For Cultivation Of Oil-Rich Green Microalgae Chlorella Sp, Bioresour. Technol, 101, Pp. 2623-2628, (2010)"
PUB000019,293,Yaakob M.A.
PUB000019,294,Mohamed R.M.S.R.
PUB000019,295,Al-Gheethi A.
PUB000019,296,Ravishankar G.A.
PUB000019,297,"Ambati R.R., Influence Of Nitrogen And Phosphorus On Microalgal Growth, Biomass, Lipid, And Fatty Acid Production: An Overview, Cells, 10, Pp. 1-19, (2021)"
PUB000019,298,Yan K.T.H.
PUB000019,299,Hie I.S.Y.
PUB000019,300,Samaranayake E.A.
PUB000019,301,Chang J.L.K.
PUB000019,302,"Wang A.Z.H., Medium And Process Optimizations For Euglena Gracilis With High Biomass Production Enriched With Protein, Algal Res, 75, (2023)"
PUB000020,1,Al-Sheeha H.
PUB000020,2,Marafi M.
PUB000020,3,Raghavan V.
PUB000020,4,"Rana M.S., Recycling And Recovery Routes For Spent Hydroprocessing Catalyst Waste, Ind. Eng. Chem. Res, 52, Pp. 12794-12801, (2013)"
PUB000020,5,Amiri F.
PUB000020,6,Yaghmaei S.
PUB000020,7,Mousavi S.M.
PUB000020,8,"Sheibani S., Recovery Of Metals From Spent Refinery Hydrocracking Catalyst Using Adapted Aspergillus Niger, Hydrometallurg, 109, Pp. 65-71, (2011)"
PUB000020,9,Argyle M.D.
PUB000020,10,"Bartholomew C.H., Heterogeneous Catalyst Deactivation And Regeneration: A Review, Catalysts, 5, Pp. 145-269, (2015)"
PUB000020,11,Astuti W.
PUB000020,12,Hirajima T.
PUB000020,13,Sasaki K.
PUB000020,14,"Okibe N., Kinetics Of Nickel Extraction From Indonesian Saprolitic Ore By Citric Acid Leaching Under Atmospheric Pressure, Minerals & Metallurgical Processing, 32, Pp. 176-185, (2015)"
PUB000020,15,Astuti W.
PUB000020,16,Mufakhir F.R.
PUB000020,17,Setiawan F.A.
PUB000020,18,Wanta K.C.
PUB000020,19,"Petrus H.T.B.M., Leaching Characteristics Of Lanthanum From A Secondary Resource Using Inorganic And Organic Acids: Emphasizing The Citric Acid Kinetics, Circ. Econ. Sustain, 3, 1, Pp. 1-12, (2022)"
PUB000020,20,Barik S.P.
PUB000020,21,Park K.H.
PUB000020,22,Parhi P.K.
PUB000020,23,"Park J.T., Direct Leaching Of Molybdenum And Cobalt From Spent Hydrodesulphurization Catalyst With Sulphuric Acid, Hydrometallurgy, 111, 112, Pp. 46-51, (2012)"
PUB000020,24,Behera S.K.
PUB000020,25,"Mulaba-Bafubiandi A.F., Advances In Microbial Leaching Processes For Nickel Extraction From Lateritic Minerals-A Review, Korean J. Chem. Eng, 32, Pp. 1447-1454, (2015)"
PUB000020,26,Behera S.S.
PUB000020,27,Panda S.K.
PUB000020,28,Das D.
PUB000020,29,Mohapatra R.K.
PUB000020,30,Kim H.I.
PUB000020,31,Lee J.Y.
PUB000020,32,Jyothi R.K.
PUB000020,33,"Parhi P.K., Microwave Assisted Leaching Investigation For The Extraction Of Copper(Ii) And Chromium(Iii) From Spent Catalyst, Sep. Purif. Technol, 244, (2020)"
PUB000020,34,Boukerche I.
PUB000020,35,Habbache N.
PUB000020,36,Alane N.
PUB000020,37,Djerad S.
PUB000020,38,"Tifouti L., Dissolution Of Cobalt From Coo/Al2O3 Catalyst With Mineral Acids, Ind. Eng. Chem. Res, 49, Pp. 6514-6520, (2010)"
PUB000020,39,Demarco J.D.O.
PUB000020,40,Cadore J.S.
PUB000020,41,Veit H.M.
PUB000020,42,Madalosso H.B.
PUB000020,43,Tanabe E.H.
PUB000020,44,"Bertuol D.A., Leaching Of Platinum Group Metals From Spent Automotive Catalysts Using Organic Acids, Miner. Eng, 159, (2020)"
PUB000020,45,Dewi M.P.
PUB000020,46,Petrus H.T.B.M.
PUB000020,47,"Okibe N., Recovering Secondary Ree Value From Spent Oil Refinery Catalysts Using Biogenic Organic Acids, Catalysts, 10, Pp. 1-15, (2020)"
PUB000020,48,Dey S.
PUB000020,49,"Dhal G.C., Deactivation And Regeneration Of Hopcalite Catalyst For Carbon Monoxide Oxidation: A Review, Mater. Today Chem, 14, (2019)"
PUB000020,50,Ding Y.
PUB000020,51,Zhang S.
PUB000020,52,Liu B.
PUB000020,53,Zheng H.
PUB000020,54,Chang C. Chi
PUB000020,55,"Ekberg C., Recovery Of Precious Metals From Electronic Waste And Spent Catalysts: A Review, Resour. Conserv. Recycl, 141, Pp. 284-298, (2019)"
PUB000020,56,Dong H.
PUB000020,57,Zhao J.
PUB000020,58,Chen J.
PUB000020,59,Wu Y.
PUB000020,60,"Li B., Recovery Of Platinum Group Metals From Spent Catalysts: A Review, Int. J. Miner. Process, 145, Pp. 108-113, (2015)"
PUB000020,61,Erust C.
PUB000020,62,Akcil A.
PUB000020,63,Bedelova Z.
PUB000020,64,Anarbekov K.
PUB000020,65,Baikonurova A.
PUB000020,66,"Tuncuk A., Recovery Of Vanadium From Spent Catalysts Of Sulfuric Acid Plant By Using Inorganic And Organic Acids: Laboratory And Semi-Pilot Tests, Waste Manag, 49, Pp. 455-461, (2016)"
PUB000020,67,"Farrauto R.J., Industrial Catalysis: A Practical Guide, Handbook Of Industrial Chemistry And Biotechnology, Pp. 1995-2035, (2017)"
PUB000020,68,Ferella F.
PUB000020,69,Innocenzi V.
PUB000020,70,"Maggiore F., Oil Refining Spent Catalysts: A Review Of Possible Recycling Technologies, Resour. Conserv. Recycl, 108, Pp. 10-20, (2016)"
PUB000020,71,"Fogler H.S., Elements Of Chemical Reaction Engineering, (2006)"
PUB000020,72,Golmohammadzadeh R.
PUB000020,73,Faraji F.
PUB000020,74,"Rashchi F., Recovery Of Lithium And Cobalt From Spent Lithium Ion Batteries (Libs) Using Organic Acids As Leaching Reagents: A Review, Resour. Conserv. Recycl, 136, Pp. 418-435, (2018)"
PUB000020,75,Hariprasad D.
PUB000020,76,Dash B.
PUB000020,77,Ghosh M.K.
PUB000020,78,"Anand S., Leaching Of Manganese Ores Using Sawdust As A Reductant, Miner. Eng, 20, Pp. 1293-1295, (2007)"
PUB000020,79,Huang J.
PUB000020,80,Chen M.
PUB000020,81,Chen H.
PUB000020,82,Chen S.
PUB000020,83,"Sun Q., Leaching Behavior Of Copper From Waste Printed Circuit Boards With Brønsted Acidic Ionic Liquid, Waste Manag, 34, Pp. 483-488, (2014)"
PUB000020,84,"Ibrahim M.Y., Chemical Education: A Catalyst In Food Production (A Review), Chemsearch J, 3, Pp. 61-63, (2012)"
PUB000020,85,Kim H.I.
PUB000020,86,Park K.H.
PUB000020,87,"Mishra D., Sulfuric Acid Baking And Leaching Of Spent Co-Mo/Al2O3 Catalyst, J. Hazard, Mater, 166, Pp. 1540-1544, (2009)"
PUB000020,88,Lanaridi O.
PUB000020,89,Platzer S.
PUB000020,90,Nischkauer W.
PUB000020,91,Limbeck A.
PUB000020,92,Schnurch M.
PUB000020,93,"Bica-Schroder K., A Combined Deep Eutectic Solvent–Ionic Liquid Process For The Extraction And Separation Of Platinum Group Metals (Pt, Pd, Rh), Molecules, 26, (2021)"
PUB000020,94,"Levenspiel O., Chemical Reaction Engineering, (1999)"
PUB000020,95,Marafi M.
PUB000020,96,"Stanislaus A., Waste Catalyst Utilization: Extraction Of Valuable Metals From Spent Hydroprocessing Catalysts By Ultrasonic-Assisted Leaching With Acids, Ind. Eng. Chem. Res, 50, Pp. 9495-9501, (2011)"
PUB000020,97,Mcdonald R.G.
PUB000020,98,"Whittington B.I., Atmospheric Acid Leaching Of Nickel Laterites Review. Part I. Sulphuric Acid Technologies, Hydrometallurgy, 91, Pp. 35-55, (2008)"
PUB000020,99,Mohanty C.
PUB000020,100,Behera S.S.
PUB000020,101,Marandi B.
PUB000020,102,Tripathy S.K.
PUB000020,103,Parhi P.K.
PUB000020,104,"Sanjay K., Citric Acid Mediated Leaching Kinetics Study And Comprehensive Investigation On Extraction Of Vanadium (V) From The Spent Catalyst, Sep. Purif. Technol, 276, (2021)"
PUB000020,105,Mohapatra M.
PUB000020,106,Nayak B.
PUB000020,107,Sanjay K.
PUB000020,108,Subbaiah T.
PUB000020,109,"Mishra B.K., Ligand Mediated Eco-Friendly Leaching Of Zinc From Spent Catalyst In Alkaline Media, J. Ind. Eng. Chem, 20, Pp. 2217-2223, (2014)"
PUB000020,110,Nazemi M.K.
PUB000020,111,Rashchi F.
PUB000020,112,"Mostoufi N., A New Approach For Identifying The Rate Controlling Step Applied To The Leaching Of Nickel From Spent Catalyst, Int. J. Miner. Process, 100, Pp. 21-26, (2011)"
PUB000020,113,Nshizirungu T.
PUB000020,114,Rana M.
PUB000020,115,Jo Y.T.
PUB000020,116,"Park J.H., Rapid Leaching And Recovery Of Valuable Metals From Spent Lithium Ion Batteries (Libs) Via Environmentally Benign Subcritical Nickel-Containing Water Over Chlorinated Polyvinyl Chloride, J. Hazard. Mater, 396, (2020)"
PUB000020,117,Oza R.
PUB000020,118,Shah N.
PUB000020,119,"Patel S., Recovery Of Nickel From Spent Catalysts Using Ultrasonication-Assisted Leaching, J. Chem. Technol. Biotechnol, 86, Pp. 1276-1281, (2011)"
PUB000020,120,Panda S.
PUB000020,121,Mishra S.
PUB000020,122,Rao D.S.
PUB000020,123,Pradhan N.
PUB000020,124,Mohapatra U.
PUB000020,125,Angadi S.
PUB000020,126,"Mishra B.K., Extraction Of Copper From Copper Slag: Mineralogical Insights, Physical Beneficiation And Bioleaching Studies, Korean J. Chem. Eng, 32, Pp. 667-676, (2015)"
PUB000020,127,Parhi P.K.
PUB000020,128,Park K.H.
PUB000020,129,"Senanayake G., A Kinetic Study On Hydrochloric Acid Leaching Of Nickel From Ni-Al2O3 Spent Catalyst, J. Ind. Eng. Chem, 19, Pp. 589-594, (2013)"
PUB000020,130,Parlett C.M.A.
PUB000020,131,Wilson K.
PUB000020,132,"Lee A.F., Hierarchical Porous Materials: Catalytic Applications, Chem. Soc. Rev, 42, Pp. 3876-3893, (2013)"
PUB000020,133,Pathak A.
PUB000020,134,Vinoba M.
PUB000020,135,"Kothari R., Emerging Role Of Organic Acids In Leaching Of Valuable Metals From Refinery-Spent Hydroprocessing Catalysts, And Potential Techno-Economic Challenges: A Review, Crit. Rev. Environ. Sci. Technol, 51, Pp. 1-43, (2021)"
PUB000020,136,Quijada-Maldonado E.
PUB000020,137,Olea F.
PUB000020,138,Sepulveda R.
PUB000020,139,Castillo J.
PUB000020,140,Cabezas R.
PUB000020,141,Merlet G.
PUB000020,142,"Romero J., Possibilities And Challenges For Ionic Liquids In Hydrometallurgy, Sep. Purif. Technol, 251, (2020)"
PUB000020,143,Rezki A.S.
PUB000020,144,Sumardi S.
PUB000020,145,Astuti W.
PUB000020,146,Made Bendiyasa I.
PUB000020,147,"Petrus H.T.B.M., Molybdenum Extraction From Spent Catalyst Using Citric Acid: Characteristic And Kinetics Study, International Conference On Science, Infrastructure Technology And Regional Development, (2021)"
PUB000020,148,Satyanarayana C. V.
PUB000020,149,Srikant D.
PUB000020,150,"Gurav H.R., Catalyst Deactivation And Regeneration, Industrial Catalytic Processes For Fine And Specialty Chemicals, Pp. 187-219, (2016)"
PUB000020,151,Setiawan H.
PUB000020,152,Petrus H.T.B.M.
PUB000020,153,"Perdana I., Reaction Kinetics Modeling For Lithium And Cobalt Recovery From Spent Lithium-Ion Batteries Using Acetic Acid, Int. J. Miner. Metall. Mater, 26, Pp. 98-107, (2019)"
PUB000020,154,"Singh B., Treatment Of Spent Catalyst From The Nitrogenous Fertilizer Industry-A Review Of The Available Methods Of Regeneration, Recovery And Disposal, J. Hazard. Mater, 167, Pp. 24-37, (2009)"
PUB000020,155,Sodiqovna O.M.
PUB000020,156,"Orifjon Qizi I.G., The Rate Of A Chemical Reaction And Factors Affecting It, Epra Int. J. Res. Dev. (Ijrd), 5, Pp. 1-3, (2020)"
PUB000020,157,Syc M.
PUB000020,158,Simon F.G.
PUB000020,159,Hyks J.
PUB000020,160,Braga R.
PUB000020,161,Biganzoli L.
PUB000020,162,Costa G.
PUB000020,163,Funari V.
PUB000020,164,"Grosso M., Metal Recovery From Incineration Bottom Ash: State-Of-The-Art And Recent Developments, J. Hazard. Mater, 393, (2020)"
PUB000020,165,Vynnycky M.
PUB000020,166,"Assuncao M., On The Significance Of Sulphuric Acid Dissociation In The Modelling Of Vanadium Redox Flow Batteries, J. Eng. Math, 123, Pp. 173-203, (2020)"
PUB000020,167,Wanta Kevin Cleary
PUB000020,168,Astuti W.
PUB000020,169,Perdana I.
PUB000020,170,"Petrus H.T.B.M., Kinetic Study In Atmospheric Pressure Organic Acid Leaching: Shrinking Core Model Versus Lump Model, Minerals, 10, Pp. 1-10, (2020)"
PUB000020,171,Wanta K.C.
PUB000020,172,Astuti W.
PUB000020,173,Petrus H.T.B.M.
PUB000020,174,"Perdana I., Product Diffusion-Controlled Leaching Of Nickel Laterite Using Low Concentration Citric Acid Leachant At Atmospheric Condition, Int. J. Tech, 13, Pp. 410-421, (2022)"
PUB000020,175,Wanta K. C.
PUB000020,176,Gunawan W.T.
PUB000020,177,Susanti R.F.
PUB000020,178,Gemilar G.P.
PUB000020,179,Petrus H.T.B.M.
PUB000020,180,"Astuti W., Subcritical Water As A Solvent For Extraction Of Nickel And Aluminum Ions From Reforming Spent Catalysts, International Conference On Chemical Engineering (Icce) Unpar, (2020)"
PUB000020,181,Wanta K.C.
PUB000020,182,Natapraja E.Y.
PUB000020,183,Susanti R.F.
PUB000020,184,Gemilar G.P.
PUB000020,185,Astuti W.
PUB000020,186,"Petrus H.T.B.M., Increasing Of Metal Recovery In Leaching Process Of Spent Catalyst At Low Temperature: The Addition Of Hydrogen Peroxide And Sodium Chloride, Metalurgi, 36, Pp. 77-86, (2021)"
PUB000020,187,Wanta K.C.
PUB000020,188,Perdana I.
PUB000020,189,"Petrus H.T.B.M., Evaluation Of Shrinking Core Model In Leaching Process Of Pomalaa Nickel Laterite Using Citric Acid As Leachant At Atmospheric Conditions, Second International Conference On Chemical Engineering (Icce) Unpar, (2016)"
PUB000020,190,Wanta K.C.
PUB000020,191,Tanujaya F.H.
PUB000020,192,Putra F.D.
PUB000020,193,Susanti R.F.
PUB000020,194,Gemilar G.P.
PUB000020,195,Astuti W.
PUB000020,196,"Petrus H.T.B.M., Synthesis And Characterization Of Nickel Hydroxide From Extraction Solution Of Spent Catalyst, Metalurgi, 35, Pp. 111-118, (2020)"
PUB000020,197,Xiao W.
PUB000020,198,Liu X.
PUB000020,199,"Zhao Z., Kinetics Of Nickel Leaching From Low-Nickel Matte In Sulfuric Acid Solution Under Atmospheric Pressure, Hydrometallurgy, 194, (2020)"
PUB000020,200,Yakoumis I.
PUB000020,201,Moschovi A.
PUB000020,202,Panou M.
PUB000020,203,"Panias D., Single-Step Hydrometallurgical Method For The Platinum Group Metals Leaching From Commercial Spent Automotive Catalysts, J. Sustain. Metall, 6, Pp. 259-268, (2020)"
PUB000020,204,Zhang M.
PUB000020,205,Song H.
PUB000020,206,Zheng C.
PUB000020,207,Liu S.
PUB000020,208,Lin Z.
PUB000020,209,Liu Y.
PUB000020,210,Wu W.
PUB000020,211,"Gao X., Highly Efficient Selective Extraction Of Mo With Novel Hydrophobic Deep Eutectic Solvents, J. Air Waste Manage. Assoc, 71, Pp. 1492-1501, (2021)"
PUB000020,212,Zhao Z.
PUB000020,213,Guo M.
PUB000020,214,"Zhang M., Extraction Of Molybdenum And Vanadium From The Spent Diesel Exhaust Catalyst By Ammonia Leaching Method, J. Hazard Mater, 286, Pp. 402-409, (2015)"
PUB000020,215,Zhu N.
PUB000020,216,Xiang Y.
PUB000020,217,Zhang T.
PUB000020,218,Wu P.
PUB000020,219,Dang Z.
PUB000020,220,Li P.
PUB000020,221,"Wu J., Bioleaching Of Metal Concentrates Of Waste Printed Circuit Boards By Mixed Culture Of Acidophilic Bacteria, J. Hazard. Mater, 192, Pp. 614-619, (2011)"
